date,gdp,gdp_trend,consumption,consumption_trend,investment,investment_trend,hours,hours_trend,capital,capital_trend,tfp,tfp_trend,real_m2,real_m2_trend,t_bill_3mo,t_bill_3mo_trend,pce_inflation,pce_inflation_trend,unemployment,unemployment_trend
1959-01-01,29.22164352394853,29.120274788613145,17.719139315427956,17.71704258483621,4.762109233853983,4.617290964059343,103.4161462585766,103.50087501851351,29.547042519138476,29.694885231535043,15.119984492422919,15.033497123693461,16.48141998506166,16.14196003671288,0.027733333333333336,0.026651862012565582,0.009041951997872388,0.017830477324633817,0.05833333333333333,0.05662596565448784
1959-04-01,29.769950399019056,29.245300591298786,17.970944777208793,17.7932061636923,5.091079428635677,4.63364345423402,104.98421329989822,103.26761484566522,29.677850740702286,29.79467306672412,15.230185633951852,15.102468130947207,16.639710942505708,16.29375769579756,0.03,0.02689488571123636,0.01128143871524312,0.017427198551361864,0.051000000000000004,0.05722338974081277
1959-07-01,29.684168663725266,29.377851616375057,18.133025660573004,17.872197777405365,4.7268836023941585,4.65185513773701,104.30252009749535,103.04817432104149,29.889695029164436,29.89415665805931,15.212822248211788,15.174198136774642,16.740786961090233,16.447196778835455,0.03540000000000001,0.02710467574285516,0.016644562334217516,0.016990206273563915,0.05266666666666667,0.057744471236963496
1959-10-01,29.674758149850934,29.518238036117747,18.12383327774153,17.95406227639398,4.857318906843931,4.671973895886153,104.0020633856655,102.84262612025908,30.01512992841818,29.993885257752062,15.214226518287663,15.248721034886042,16.68058986932597,16.602730718279105,0.042300000000000004,0.027277650879430026,0.02262173278492763,0.01652620561628937,0.05600000000000001,0.05819200667049503
1960-01-01,30.137636485601114,29.666972535171677,18.12563502304758,18.039009412761466,5.358093308341417,4.694097328156429,103.94543598266021,102.65182345623417,30.05978293271503,30.094412685692852,15.448974650407786,15.326096550270854,16.585526607457037,16.761015000694254,0.03873333333333333,0.027415414470629722,0.01699940699743041,0.016041685677125533,0.051333333333333335,0.05856561894110594
1960-04-01,29.89051871085539,29.824681353968646,18.351943224469295,18.127360349110482,4.811385779627155,4.718441666255045,103.82596546521367,102.47733670408245,30.34742027389942,30.196313558746485,15.282731527885218,15.406364619327327,16.633464892138974,16.922779071315972,0.029933333333333336,0.027528958834323353,0.018111424634162265,0.015546945258140108,0.052333333333333336,0.05886356094432575
1960-07-01,29.94174047339389,29.992304322232716,18.226461859638892,18.21949808625678,4.740210329965219,4.745622408564632,102.919037884369,102.32153313840683,30.477204533414454,30.300148507644035,15.373493572988082,15.489644109382166,16.818325006927086,17.088667563918012,0.0236,0.02763634998766923,0.015850238079707868,0.015052881737225986,0.05533333333333334,0.059079565397179123
1960-10-01,29.453719784998835,30.17085017619151,18.212336050486122,18.3159556137357,4.141809221502278,4.776331114591729,101.62123726952011,102.18760951722261,30.574866208546815,30.406580854225265,15.231114493884741,15.575978832011675,16.953339747935733,17.259163825178803,0.023066666666666666,0.027757156681887527,0.01472591631527731,0.014571995291886072,0.06266666666666666,0.059203283624433854
1961-01-01,29.54399242484528,30.36132707084869,18.13344943829239,18.417283261711624,4.248665251926584,4.811279486184751,100.66812998111456,102.07912960008154,30.51605536093265,30.51639465066834,15.382024025083593,15.665340675733468,17.14579115548213,17.434596174407663,0.0235,0.027908424949456133,0.015289925494007095,0.014117284447337336,0.068,0.059222025555817855
1961-04-01,29.94863867093509,30.564317773573265,18.299534943240005,18.523980002461567,4.534142331107306,4.850776057783152,100.1131504398335,101.99930463275548,30.49878246255918,30.63049150874106,15.65193435157225,15.757481096712171,17.365748596178324,17.615108846514072,0.023033333333333333,0.02810426926659342,0.009990331936835295,0.013701843929436353,0.07,0.0591252657354604
1961-07-01,30.430332930248237,30.779904992097226,18.351131536750156,18.636378096762357,4.873718571231183,4.8947685038536015,100.39605493212862,101.95047102986605,30.557939285177405,30.749787332214503,15.863773537014225,15.85196537790611,17.559617526421107,17.800665458636928,0.023033333333333333,0.02835604884392437,0.00975985617054076,0.013339501364693866,0.06766666666666667,0.0589079649415184
1961-10-01,30.97824057892152,31.00778837626826,18.652346246214183,18.754677911901126,4.9582834582126365,4.943002947354301,101.50599788294947,101.93379832072986,30.74518797698939,30.87513075273496,16.000154536171134,15.94828158512025,17.784820487647238,17.991066781139512,0.0246,0.0286719535571157,0.0064569748114051695,0.013041764684625236,0.062,0.05857188066106411
1962-01-01,31.480907847171608,31.247443424912554,18.804502063337203,18.878905938008423,5.197627924310592,4.9952092137513855,101.72095677526711,101.94950593946857,30.947315294656356,31.00726523015145,16.200240514743452,16.045912761338865,18.031346474239935,18.18594880265912,0.02723333333333333,0.029056846584640007,0.008933699189585864,0.01281790454249948,0.056333333333333326,0.05812424456974798
1962-04-01,31.648520257848993,31.498316905336345,19.001679500677476,19.009027239379105,5.097893285188609,5.051120778002991,102.55114539732628,101.99757607148935,31.136917517560438,31.146867786447856,16.16607723195115,16.144361877852425,18.315079282057948,18.38479768235001,0.02716666666666667,0.029513046133996686,0.012571793235481854,0.012673076097914853,0.05533333333333334,0.05757443091780731
1962-07-01,31.892269526723783,31.75999029456223,19.078638933051995,19.14496125491241,5.140240378083742,5.110589763940145,101.87520458096118,102.07787849984986,31.267251326044388,31.29459334957832,16.336858553818733,16.243216691131153,18.476448112610836,18.586976167609702,0.028399999999999998,0.03004173071690306,0.011700368815973583,0.012610006882124044,0.05566666666666666,0.05693069463595668
1962-10-01,31.816934522555385,32.03212989736232,19.259045924871682,19.2866227001114,4.934981769350689,5.173493725078732,100.68290103546951,102.19065882338822,31.370543616432467,31.451107178265307,16.404516736144103,16.342068480895566,18.702088480217686,18.791772582912394,0.02813333333333334,0.030642612357909372,0.013656863367845995,0.012631361124590733,0.05533333333333334,0.056199889968920405
1963-01-01,32.00822347192697,32.31447703618134,19.27082755173667,19.433883506369497,5.132719166526603,5.239724856207166,100.79269446107186,102.33606716756168,31.441438283452978,31.61707539539555,16.478431984979917,16.440557669037357,18.943900249817148,18.998371527815912,0.029066666666666668,0.03131437699986781,0.012206691543861892,0.012739234530987256,0.057666666666666665,0.055388081143942
1963-04-01,32.22794299207588,32.60662825003988,19.365516253160628,19.58659569181906,5.202000795780742,5.309014208668395,101.00105475566193,102.51333275709814,31.577145394254686,31.793132701496383,16.544333774342803,16.538355635358126,19.238617797939074,19.205863256388582,0.0294,0.03205414228624022,0.010209869540555916,0.012936363745887981,0.05733333333333333,0.05450079079036774
1963-07-01,32.80151775161408,32.9079704887793,19.61614683722024,19.744503785750467,5.32464011618054,5.381009293963144,100.8596734434621,102.72073323510106,31.731879894575133,31.979822690537162,16.825308538204343,16.63515026228925,19.52313750394776,19.413263165134218,0.03293333333333333,0.03285762104153018,0.012382149591451785,0.013225152574500321,0.055,0.053544965653495584
1963-10-01,32.8776578779814,33.2176254530864,19.610265159156935,19.90720354781651,5.389078582805936,5.455268339689007,101.21753629631473,102.95560238774462,31.907951898635197,32.17757121150722,16.7930291673797,16.730626510997336,19.658078029248536,19.619565855591908,0.03496666666666667,0.03371886725131237,0.013034214813886447,0.013606300763153358,0.05566666666666666,0.05252932281771286
1964-01-01,33.42928130270235,33.53461289972222,19.942172177406995,20.074195796771292,5.513504218486016,5.531287456723199,102.88131292839766,103.21409216483356,32.09417067015753,32.38666394266332,16.860412732986312,16.824582464335275,19.83997782575213,19.823795373182403,0.0353,0.03463198222134386,0.014933766558360206,0.014079981181311766,0.05466666666666666,0.05146348876387345
1964-04-01,33.65918407581448,33.85769582694767,20.21195631705522,20.244774206726728,5.481196724334313,5.608490330578761,102.92216003907315,103.49123107367419,32.31152067052115,32.60722935102488,16.93194136297637,16.916852059321602,20.05311842601061,20.024963526582518,0.03476666666666667,0.03559184713201631,0.015534344001497224,0.014646009144721937,0.052000000000000005,0.05035905081273687
1964-07-01,34.03777561701361,34.1855202432603,20.481855000698005,20.418123592448975,5.539793312033507,5.686255679087162,103.13906086625614,103.78179522180041,32.50274324752101,32.83921975217327,17.06369750360313,17.0072893648875,20.33649594471138,20.222057912156554,0.03496666666666667,0.03659376067483308,0.013906996957844475,0.015304733584990918,0.05,0.04922959827125187
1964-10-01,33.99306259251398,34.51655073181682,20.42487199753579,20.593379114023715,5.605265752313686,5.763844398042155,103.68621008266233,104.08014876148877,32.698733339642814,33.08240369964446,16.947079197537743,17.09575612759814,20.568500513922704,20.41405167024427,0.036833333333333336,0.03763250580350665,0.013546950389706769,0.016057058643011227,0.04966666666666666,0.04808974603960921
1965-01-01,34.67133361491022,34.849096357059416,20.756284482922148,20.76968589559771,6.112344694545715,5.840382356072751,104.8492502237951,104.38018760437454,32.91097148138346,33.336333404960946,17.12154209472581,17.182148145784492,20.787955079810054,20.599961111505348,0.038900000000000004,0.038701848537994424,0.01200517145847435,0.016903014874283424,0.048999999999999995,0.046954590519080144
1965-04-01,34.966260512322144,35.181064244675746,20.909238709627157,20.946051741104714,6.084070237255119,5.91484842108078,105.4628275426916,104.6754893007703,33.24612100693469,33.60030634603512,17.140925570748102,17.266266295649665,20.951921505685515,20.778876185143655,0.038733333333333335,0.039795055415459996,0.014989556456567188,0.017841064016649755,0.04666666666666667,0.045840213686327846
1965-07-01,35.62550019563591,35.51016921764038,21.19511944677431,21.121442313882298,6.239477193646356,5.98634523056638,105.37340439718781,104.95985340075082,33.586614285752844,33.87332855995469,17.411519544462145,17.347870804698484,21.20760756122525,20.94998772215217,0.03866666666666667,0.040905516817730664,0.01543077582511776,0.018866606655817582,0.04366666666666667,0.044763975898941065
1965-10-01,36.32486371371385,35.83390703312175,21.635934563381493,21.294766195446325,6.2945897639545345,6.054047834320156,106.02127554041607,105.22750808355858,33.95309710751655,34.154148856696516,17.61569489495343,17.42663976641798,21.452268632015038,21.1125846098793,0.04166666666666667,0.042025959550332385,0.015196826365578175,0.019973261185269216,0.04100000000000001,0.04374375404762126
1966-01-01,37.110467825955254,36.149762636296934,21.925627033434917,21.464945024887825,6.725023010833707,6.117264774627805,107.24942017737162,105.47288946661102,34.342889989270326,34.44129158368407,17.79122520288834,17.502287517331467,21.667445844891397,21.26611281559411,0.0461,0.043147711137446684,0.019771261710670673,0.021152498604217786,0.03866666666666667,0.04279673920479972
1966-04-01,37.13208315378637,36.45545410904677,21.91947072261904,21.63108446907476,6.619399792854115,6.175441578744274,107.99641737446868,105.69089167167732,34.82253427427703,34.73310233412444,17.6356368536998,17.574644284466125,21.68933862899913,21.410233504457143,0.04586666666666667,0.04426187454520281,0.022818060767461734,0.022392804640114124,0.03833333333333334,0.04193840759662801
1966-07-01,37.33937139648095,36.74924132133481,22.062326921120242,21.79255680973454,6.523335847956894,6.2283891957359225,108.19457673281651,105.87749230827879,35.257297369873235,35.0278065458945,17.636212241772842,17.643720575847457,21.5464363838942,21.54486855013909,0.05043333333333333,0.04536139792026914,0.026834710245432047,0.02368180174735057,0.03766666666666667,0.04118165415392129
1966-10-01,37.53514485261179,37.0297743121512,22.074197693598403,21.948903475101428,6.569873290208943,6.276202906820792,107.60472956239025,106.03009772197689,35.6481455008745,35.323624868849656,17.72326875370258,17.709567938824712,21.51895695388676,21.67013107520552,0.0521,0.04644023240438991,0.03162197907899489,0.025007378165399056,0.037,0.04053712063608018
1967-01-01,37.741528305743174,37.29605689020647,22.10014457693362,22.099829621435386,6.384857787971013,6.319181029951671,107.13190532401227,106.1475677440217,36.025119904420606,35.6188626252328,17.80612354314539,17.77223636778005,21.704459932827262,21.786154654363145,0.04513333333333333,0.04749549909894253,0.026606216071108912,0.026359392701542812,0.03833333333333334,0.040013251935325726
1967-04-01,37.62405550390181,37.54740794264756,22.311555986260498,22.245118798419636,6.093313425014375,6.357826904688662,106.091703969016,106.22977083602493,36.327165969820506,35.91197438561919,17.811507977438968,17.83178745601537,22.029790927485692,21.892995634477156,0.0366,0.0485278564600517,0.023196638854370066,0.02773183828863606,0.03833333333333334,0.03961628224348146
1967-07-01,37.79376611254198,37.783435029633594,22.308347979907264,22.384556595798884,6.2390969631127495,6.3927097057396916,105.92461475991747,106.27722367558319,36.50269344999557,36.20162264364971,17.87999991405122,17.888307059951966,22.303237367349528,21.99067462627443,0.043,0.04953648659023861,0.02490016443504839,0.029118862124139003,0.03799999999999999,0.039351395803244656
1967-10-01,37.905022401212484,38.0038110839956,22.286556363407982,22.517972829919074,6.349605897408926,6.424249701930212,105.92511996261587,106.29039210582788,36.72209028553576,36.486692695263066,17.89500745093402,17.94187135781173,22.422060607701937,22.079312680515795,0.04753333333333333,0.05051311668173694,0.025757575757575868,0.03051177690586543,0.039,0.03922297501424373
1968-01-01,38.52825508346464,38.20823449207914,22.72144600318329,22.645152673316822,6.452028575458704,6.452784352190345,105.70325447358395,106.26955500162123,36.98482160150558,36.76623037112131,18.1686522765128,17.992554069717258,22.468781658337708,22.159241633460113,0.050499999999999996,0.05144538862266142,0.03370329478761125,0.03189925864557344,0.03733333333333333,0.03923455765373009
1968-04-01,39.03925570968575,38.39636094335053,22.980976160715002,22.765737214059087,6.641040580626175,6.478615259816648,106.35320369621422,106.21479530543589,37.28238881467248,37.03940778639455,18.285059971005527,18.040401986455212,22.52356888316073,22.231024415157613,0.0552,0.052319081936534076,0.03932681741946675,0.033267011979303464,0.035666666666666666,0.03938954213957124
1968-07-01,39.18253324200049,38.56806647524992,23.32931305343023,22.87941604026964,6.415538424751517,6.502052716576513,106.66930383443756,106.12587394731334,37.59067647506696,37.30551845251988,18.2640821781253,18.085574116348766,22.645710936208733,22.29543525833424,0.05196666666666666,0.05311938527898777,0.0403965161586064,0.034601869065684715,0.035333333333333335,0.039690138624434455
1968-10-01,39.1497956767541,38.72365240071227,23.25365130092357,22.986016135845656,6.501576555473476,6.523515846425266,106.82282089444475,106.00267188177386,37.806031214144625,37.56399781978192,18.195354949337776,18.1283851577605,22.739610462330305,22.353448847307195,0.05586666666666666,0.05383328787944501,0.04294966481081697,0.035894449441746495,0.034,0.04013623046381641
1969-01-01,39.58544942018423,38.86383310290637,23.39272244655665,23.08565078108146,6.8698301328217095,6.543376953794924,107.3416068446081,105.84544198088808,38.04542598765653,37.81445510133212,18.299511767816863,18.16926552775626,22.789445080997375,22.40627510477404,0.06093333333333334,0.05444705851819563,0.041992242396986956,0.037138994298951185,0.034,0.04072497800990686
1969-04-01,39.544396036634325,38.9896219799648,23.44936204571928,23.17861115086969,6.769090432145564,6.562000683690253,107.89562648337416,105.65497812077959,38.3832992077775,38.05665170808915,18.163171577601148,18.208692358037823,22.609226847371055,22.455380483017148,0.06196666666666666,0.054948236837271486,0.04457181013855638,0.03833415433836684,0.034333333333333334,0.041449706470855684
1969-07-01,39.634642798773406,39.10251421578375,23.42107246139278,23.265392749090214,6.832996471617624,6.579957073217651,107.96323067147094,105.43302619179995,38.67581986956417,38.29049864137659,18.14892214069642,18.247228930178707,22.341296574036058,22.50248551249821,0.07023333333333333,0.05532841640046387,0.04653852508674339,0.039481613541122784,0.035666666666666666,0.04229953794355654
1969-10-01,39.25113816971902,39.204384024132146,23.4636393807363,23.34667443235105,6.486976824277489,6.597950999499565,107.13892670689376,105.18272757165025,38.9521575393449,38.516120272837924,18.018122058963446,18.285414964646424,22.139598863085027,22.54942254421876,0.07353333333333334,0.055583577290207464,0.0470094781566619,0.04058695442322347,0.035666666666666666,0.04325914679169217
1970-01-01,38.98887386019348,39.29746879524532,23.42911604297595,23.42324741495748,6.23528971771186,6.616851213255456,106.16786629497281,104.90877509380034,39.118367175724316,38.73389565592395,17.97715539821353,18.323732930905148,21.798954334821516,22.597937940721316,0.0721,0.05571901516201999,0.04898575744497191,0.04166017007038937,0.04166666666666667,0.04430906183439724
1970-04-01,38.83772403792101,39.38406435948324,23.34429662584282,23.495990639040226,6.238596533478625,6.6374662736283465,104.23116910245457,104.61703775860886,39.20996767776997,38.94449494949464,18.108213109521603,18.36250036207548,21.529716653695143,22.64953365238632,0.06676666666666667,0.055751244268946135,0.047251225229064664,0.04271526764567435,0.04766666666666666,0.045425066590728314
1970-07-01,38.9737052910693,39.46629696059897,23.450489228502825,23.5658004268144,6.240621591403522,6.6603684625946284,103.13138289390069,104.3141102971699,39.28512350132694,39.14885190537748,18.285079284231948,18.401817872168184,21.71308367972305,22.70521535469426,0.06326666666666667,0.055707016979554325,0.04467950742027149,0.0437708328042414,0.051666666666666666,0.04658129308276208
1970-10-01,38.331193278210776,39.54596770496633,23.245060559666015,23.63348985108912,5.871608332765108,6.685880770286239,101.7549656438306,104.00627777214285,39.35210261234251,39.3480928620694,18.130569779540423,18.44162622642884,21.87789184921934,22.765278828034965,0.05353333333333334,0.055619970301411546,0.04614744290099382,0.04484828617474311,0.05833333333333333,0.04775327433262268
1971-01-01,39.153178957588224,39.62458220648264,23.426111480262204,23.69980970521422,6.53595774199157,6.714060448143768,101.65694082561929,103.69901463079307,39.33493418097557,39.543457384468084,18.53380318693505,18.48179218091387,22.118218605668368,22.829387584760997,0.0384,0.05552846602313921,0.04397243365562642,0.045969616307467126,0.059333333333333335,0.04891972172092422
1971-04-01,39.140802512533654,39.702884171608794,23.466283269018376,23.76527360068074,6.679762286692094,6.744420927766342,101.41395057709812,103.39631704097663,39.479053437255686,39.736215217027826,18.533050324298323,18.521984411175115,22.545821149855442,22.896634278849046,0.0425,0.055469561785253696,0.04430540719263454,0.047157623725654976,0.05900000000000001,0.0500659591651562
1971-07-01,39.24612499322968,39.78132569340598,23.51414995571603,23.830228081961597,6.733600971305328,6.77635491504593,100.85967569780239,103.10085316166206,39.65994322260408,39.92753080116995,18.619421085863625,18.561901308036273,22.856568177714394,22.965647848961126,0.050100000000000006,0.05546960993700688,0.044380635736235075,0.04843386071339079,0.06033333333333334,0.05118381909006589
1971-10-01,39.116369833989495,39.86000723921205,23.71829018103359,23.894834530309424,6.520320604968079,6.809203581343687,101.36282698547032,102.81401738825734,39.841980120999,40.11842924309738,18.46830762504602,18.601245620923848,23.14957929832358,23.034818847166644,0.0423,0.055546856851534876,0.03739805052715339,0.049818096919425583,0.059333333333333335,0.052270717695922335
1972-01-01,39.38729585184048,39.938691965552984,23.65102440752979,23.959056200158496,6.816327219266854,6.842268524404935,101.35541738907916,102.53578141476993,39.740548104844585,40.30978633615559,18.613705113822338,18.639753686242887,23.224870596556002,23.102449708289107,0.03436666666666667,0.05571619289576314,0.03847480171437012,0.0513275687268996,0.057666666666666665,0.053329789629396614
1972-04-01,40.070016309073054,40.01667014609605,23.96425357214588,24.02274466468984,7.176265021384092,6.874651475744491,101.55810831359639,102.2652100668319,39.95659846417214,40.502319719728774,18.8759183406525,18.67707606252095,23.53506610686817,23.166895150740444,0.0377,0.05598422915108493,0.03273258645884081,0.05297174998995792,0.057,0.05436858367193316
1972-07-01,40.235432252337105,40.09287818630827,24.186758450114812,24.08555520159402,7.266948690494911,6.905420956966028,101.5952190684289,102.00064108361387,40.252254902041635,40.696399004209276,18.900509470082657,18.71284439231967,23.969592796239674,23.22656945606578,0.042199999999999994,0.056344233245000264,0.03164190623191221,0.05475208158336279,0.05566666666666666,0.05539735915312471
1972-10-01,40.71400108631516,40.16627805363005,24.525202194889506,24.147102829752,7.344215060234627,6.93381599169435,102.1749382151036,101.73998892773243,40.58059618905423,40.892054106283624,19.00060926636586,18.746811974138886,24.33723228284301,23.280102721740857,0.048633333333333334,0.056778045161789734,0.03365292425695121,0.05665735490466949,0.05366666666666667,0.05642802003776903
1973-01-01,41.50760221979298,40.23591393405915,24.859753888989935,24.207062323305458,7.663157513537094,6.959287492688853,103.17228007696686,101.4809370351481,40.90104335114994,41.0890335880662,19.19613002970689,18.778847979973456,24.504980589242976,23.326576119769864,0.057,0.05725866473995584,0.035246679316888185,0.058661917491838675,0.04933333333333333,0.057472638607859866
1973-04-01,41.742425275929016,40.30116556578204,24.815020924515746,24.265341240921533,7.917995914314975,6.981532986867961,103.71331573460245,101.22146229684193,41.288322795744484,41.286883736468745,19.175855453074497,18.808979411372512,24.40385174563662,23.365718282513978,0.06603333333333335,0.057754001373108294,0.049051976228657646,0.06072573911367611,0.04933333333333333,0.05854156129953396
1973-07-01,41.310234701704346,40.36219506290126,24.745062168735743,24.32225115350337,7.615742426881572,7.000672360612164,103.87619250706402,100.96060527334451,41.724767028186335,41.485023086177996,18.88832367654921,18.837492844069352,24.149338158821696,23.39798377265295,0.08323333333333333,0.058231802789394334,0.058864783991022795,0.06279415501512824,0.048,0.05964004748313149
1973-10-01,41.49190517730041,40.42005467229815,24.561069370343834,24.37844823650582,7.893666825591899,7.017383461591733,103.8711159655162,100.69894713328087,42.07406862989408,41.68285988444709,18.916714973644726,18.86490488176666,23.861606701349164,23.424472654617325,0.075,0.058664991299436364,0.07179296911232713,0.0648052043393383,0.04766666666666666,0.06076760138651373
1974-01-01,40.92492846542054,40.47639104561876,24.476538232130896,24.43485812662434,7.364933237332071,7.032724057967306,102.9134539471845,100.4388503003076,42.47694067507184,41.87994203281364,18.708391048844614,18.891767260780576,23.73002139858796,23.446758158589883,0.07616666666666667,0.05904211517044673,0.09050084772945954,0.06669447037255954,0.05133333333333333,0.06191645220786504
1974-04-01,40.81338036640965,40.53352347280621,24.551737442035787,24.492529327757094,7.399248389090818,7.048281024004517,102.66889976707915,100.18459490210006,42.73466644987153,42.07605482275714,18.64675247045877,18.918667409158324,23.34279866792136,23.466693688380428,0.08153333333333335,0.05936193205007565,0.10026076791655436,0.06840190375402831,0.052000000000000005,0.06307064106116989
1974-07-01,40.22569371496301,40.59406405012087,24.47733924111856,24.552546495787013,6.988143742971763,7.065859438357458,101.81049651797873,99.9419385305635,42.99495954648403,42.27135387742396,18.439590899834144,18.94608062463485,22.806212995442134,23.486316489220133,0.0819,0.059633902430658484,0.10972755773391629,0.06988233410882903,0.056333333333333326,0.06420759461111614
1974-10-01,39.86949261947247,40.66081588504306,23.90354134297633,24.616042473169678,7.011933759254053,7.087498761387034,99.64774718156026,99.71811206222867,43.14339359316613,42.46641035454624,18.51082940953997,18.97431329912695,22.381242969549685,23.507593104661353,0.0736,0.05988134393033263,0.1151449588922544,0.07111050285214773,0.066,0.06529782037172846
1975-01-01,39.193616688587504,40.73637049416134,23.892566638427894,24.684115505294443,5.9248443296904805,7.115219277386479,96.09486710921807,99.52144130603648,43.29922219534087,42.66225882089148,18.60806543662697,19.00335188342272,22.193570935264578,23.53206525420846,0.0575,0.06014149047821635,0.10328599041936304,0.07208605466393611,0.08266666666666665,0.06630690444373294
1975-04-01,39.287737585773556,40.82284172596407,24.107074683802686,24.757423381700363,5.786204999842344,7.151037126218157,94.76816922996179,99.36015970224412,43.18382002991425,42.86037671836208,18.839660487406,19.03288864606813,22.56312580863461,23.560559010207715,0.05393333333333333,0.06046015016347146,0.08605753514220327,0.07283615575917093,0.08866666666666667,0.06720087179012328
1975-07-01,39.734332906573975,40.9213812796164,24.335588275433093,24.836128401388347,6.1627698893217815,7.196207777761906,95.08685231452294,99.24030544094995,42.996799516021696,43.06266784322653,19.041186870194476,19.06236354687441,22.849259332273036,23.59304266498837,0.06330000000000001,0.060881480143710864,0.07735158363838934,0.07340747231267614,0.08466666666666667,0.06795597222528255
1975-10-01,40.07136239723628,41.03217840893878,24.477785811034554,24.919983209867542,6.282755192276079,7.251089324409536,96.2327184457631,99.16500102183635,42.943503181050296,43.27127555291676,19.062034204225967,19.091091325297473,22.90260883247997,23.62884746787894,0.05626666666666668,0.0614455583160286,0.06825501532730582,0.07385493386139003,0.08299999999999999,0.06856187168539163
1976-01-01,40.7773700577854,41.15467725212978,24.861001065152603,25.008421545572922,6.82363370881727,7.315375391451332,97.34914630518556,99.1347671597773,42.92822269451007,43.48834419325671,19.255390898511788,19.118369375930175,23.271975160696243,23.66682829756702,0.04916666666666667,0.06219397415242889,0.06006246191346731,0.07423593501182951,0.07733333333333334,0.06901868029065727
1976-04-01,40.89265602226944,41.28771310485941,24.936075543365998,25.100590307534343,7.1152610406479555,7.388117158359252,96.96622201635748,99.14832468808268,43.06011041017304,43.71585574647619,19.338587628130952,19.143473129232785,23.625331412780582,23.705370937636207,0.05156666666666667,0.0631650803176351,0.0559861539619233,0.07460437042142767,0.07566666666666666,0.06933553199148287
1976-07-01,40.91879140993375,41.42987520195029,25.134101892748436,25.195532034036667,7.120865433992022,7.46802616400493,96.88571767208309,99.20332594202043,43.24561930460637,43.955481547998744,19.33228779925682,19.165760398778083,23.828254547675307,23.742601171069378,0.0515,0.064389087409192,0.052297237405820596,0.0750052763269311,0.07733333333333334,0.06952675739642344
1976-10-01,41.03263134298531,41.57948894860218,25.29510460748117,25.292171463809865,7.162726240276832,7.553594721277276,96.97450503682252,99.29609090818202,43.442628510004916,44.208517685558036,19.343735914665633,19.184708720015042,24.149407824466593,23.776582909061474,0.04673333333333333,0.0658889570161125,0.05128950236106067,0.07547205257979919,0.07766666666666666,0.06961064407320602
1977-01-01,41.33760092707071,41.73453526592299,25.530580328866332,25.389378251810065,7.489749318549904,7.643025184843753,97.5713281716571,99.42150275455272,43.64557626420848,44.475844635924005,19.37830499291829,19.199898998599377,24.468126109424567,23.805423574310122,0.0463,0.06767959504777873,0.05863543275967387,0.07602390650716562,0.075,0.06961035869951815
1977-04-01,41.94394009359808,41.892620039450726,25.6240669595577,25.486006462955928,7.950585014363695,7.734178881883443,98.95621428895322,99.57298186723995,43.90870460708601,44.757883314262735,19.442295941852024,19.211012020433373,24.661517015170105,23.827455862188824,0.0484,0.06976393514877113,0.06780446091356107,0.07666493134227735,0.07133333333333333,0.06955410296716834
1977-07-01,42.49247481090427,42.05106214225841,25.812827586911308,25.580981427592857,8.30672780032553,7.824714403110104,99.53185293277642,99.74276126225985,44.267916002778485,45.05454287994492,19.566562362084557,19.217841416705962,24.804475094556906,23.84142052994514,0.05496666666666667,0.07213154871676525,0.06766811736627831,0.07738835252228918,0.06899999999999999,0.06947344709377785
1977-10-01,42.30392169676248,42.20717209497513,25.895292491028258,25.67329956376536,8.254470943376333,7.912316998744966,100.06812615870659,99.92264582145016,44.72215912601692,45.36519457028448,19.342582356518072,19.22032707229985,24.672254430536313,23.846575627449205,0.061099999999999995,0.07475865468996871,0.06599405707967665,0.07818185769033792,0.06666666666666667,0.06940107331594682
1978-01-01,42.25822870155906,42.35849733611283,25.976448341186583,25.762089086734594,8.341278932434388,7.994872260842658,100.10217522989191,100.10425373617042,45.154000897115644,45.68869554353763,19.252554535246393,19.218627768001515,24.667067889586075,23.842777921173287,0.06393333333333334,0.07761074395530784,0.06424571525538769,0.07902705934258789,0.06333333333333332,0.06936936796584173
1978-04-01,43.70164908431619,42.50261272390142,26.453499325523186,25.846606952606134,8.820125994396998,8.070404527839358,102.5719993488965,100.2792342555542,45.59026343004682,46.02346404948866,19.531378529931825,19.212981170822957,24.549498128838177,23.830401211787795,0.06476666666666667,0.08064477074052773,0.0678367646568121,0.07989795259982171,0.06,0.06940900837147328
1978-07-01,43.93942937479916,42.637000829310914,26.458784843022155,25.926237083972236,9.032939547647219,8.137102265418116,102.97079624692536,100.4391778953491,46.11850923762781,46.36753311197118,19.509357454269626,19.203648370887635,24.477114565672263,23.810333845158404,0.07313333333333333,0.08380914089173468,0.07047994740302421,0.08075929424276759,0.06033333333333334,0.06954689933920688
1978-10-01,44.32383971412545,42.759862652128554,26.508134505748238,26.00073609774117,9.22919363772075,8.193582323514722,103.73000332898275,100.5770478401307,46.67583772728164,46.71860122296207,19.504118159162246,19.19108932311304,24.32105304420547,23.78391118103357,0.0857,0.08704233643998888,0.07542460780500448,0.08156830280968935,0.059,0.0698040650451758
1979-01-01,44.20433944842571,42.87019431902655,26.543160897457085,26.070192622299697,9.199298475442301,8.239003334652706,104.0096474237574,100.68734757962247,47.2702942965205,47.07413783832616,19.3317060637903,19.175953871256585,24.127479530019386,23.752878612170658,0.09383333333333332,0.09027616703662648,0.0780024236239556,0.082275772247076,0.05866666666666667,0.07019577118675964
1979-04-01,44.06528787316525,42.96795787282826,26.488264019724003,26.135015388562973,9.17091319082392,8.273168767716225,103.90183181031676,100.76652090787704,47.84860770402265,47.431506821346105,19.201993254401295,19.159084799835856,24.007709252111283,23.719307072597694,0.09376666666666666,0.09344160337270865,0.08518217611399281,0.0828286566920386,0.057,0.07073053092068478
1979-07-01,44.19014388008789,43.05395163500806,26.701742842467052,26.19591459578102,9.038606554665934,8.296499672482488,104.37386305942576,100.81307302287108,48.381796841203645,47.788115201890456,19.125425941908734,19.14141938221066,23.940231233618306,23.68548894551553,0.09673333333333334,0.09647183936823203,0.09292470212504611,0.08317123943879876,0.05866666666666667,0.0714096517133525
1979-10-01,44.07300510130444,43.129670933799915,26.778817591591636,26.253829682991398,8.864733789915782,8.31000250753462,104.07433596415707,100.82746812783635,48.83337182740954,48.14155582193389,19.048355319025816,19.12391840981779,23.730977975894405,23.653882528204278,0.11843333333333333,0.09930027210775193,0.0986165948340818,0.08324927473121681,0.05966666666666666,0.07222585944933871
1980-01-01,44.02370805006194,43.197333494087225,26.86232634716824,26.31002439092203,8.75098861643722,8.315173733266601,103.3818813118613,100.8123888667304,49.269731297312525,48.489726862539534,19.050383047069072,19.107529218556287,23.54954669009121,23.627091371008177,0.13353333333333334,0.10186046210955177,0.11066737664181758,0.08301461272733202,0.063,0.07316391564756508
1980-04-01,42.94826283684592,43.259761740088294,26.17292763585579,26.36610026515557,7.9728168645193955,8.313877850719217,101.11859367607879,100.77253996038574,49.678967216912,48.83090586021819,18.79983700249717,19.09314877850071,23.253422266459708,23.607757349005205,0.09616666666666668,0.10409792805518102,0.10757889887122785,0.08242870816024792,0.07333333333333333,0.07420073233146415
1980-07-01,42.720576423229225,43.32031044956957,26.378351909874986,26.4240157818276,7.404111451188232,8.308261883165267,100.24304118037051,100.71422374314042,49.868114573076,49.16381918647907,18.781179380964712,19.081636113596105,23.335808199236148,23.59847081962423,0.09153333333333334,0.10597798417070405,0.10604102275920191,0.08147029874051462,0.07666666666666667,0.07530686907718878
1980-10-01,43.3670613460984,43.3821581404646,26.60910246775482,26.485625129858537,8.010471766124573,8.300259270292067,101.2382194750271,100.64395650426168,49.94282531559105,49.48769985479594,18.933439821509673,19.07366468009757,23.14608854773038,23.601605846474893,0.13613333333333336,0.10746098764381742,0.1066363062741762,0.08013384104787658,0.074,0.0764523433365179
1981-01-01,44.06340533577577,43.44812309591667,26.596153261805966,26.55277210468924,8.735671098601735,8.291202575396882,101.47016782361082,100.56794788724866,50.16585829318314,49.80221339096753,19.178925215232276,19.069719380928145,22.858617456041518,23.619389876822847,0.1439,0.1084982677554444,0.10225063257424427,0.07842914836458992,0.07433333333333333,0.0776080224347239
1981-04-01,43.59346155290966,43.52103203832427,26.431830182518794,26.62739914667988,8.40629197548391,8.282235564804026,101.21457347699318,100.49276067389995,50.57029062774308,50.10731392236351,18.952172781014166,19.07019912102753,22.944976678682877,23.653793671449165,0.14906666666666665,0.1090590740025641,0.09395798668885202,0.07638259801367712,0.074,0.07874324098249379
1981-07-01,43.96609997469932,43.604116349992054,26.403035872856496,26.711502657316856,8.795582394330761,8.274767263495411,100.81559268055351,100.42549896020154,50.87383502441891,50.40319388887033,19.123214959922883,19.075573828241783,22.84281998561381,23.7063467078086,0.15053333333333332,0.1091347819648085,0.08657656742201002,0.07403545574579182,0.074,0.07982528690982632
1981-10-01,43.34023362791739,43.70068308320468,26.082822718584392,26.806988785335257,8.499371076065147,8.270278999028795,100.03742689087478,100.37369804575597,51.26350827609412,50.690351360955475,18.89564591916074,19.08624344192464,22.956670561608366,23.77817888710575,0.1175,0.10874177196722466,0.07657791660469027,0.07143997192950961,0.08233333333333334,0.08081848362110616
1982-01-01,42.541162925192964,43.81430515725642,26.16878223560076,26.915607324784677,7.643684635633388,8.270566798481692,98.0644971000801,100.34512616199088,51.58751486153453,50.96960061757604,18.747575555593457,19.10264276573367,23.089293129688276,23.869924192009854,0.12813333333333332,0.10792229842946496,0.06270539338874914,0.06865623512820378,0.08833333333333333,0.08168351371639937
1982-04-01,42.605366879495556,43.94838168760367,26.080598375054986,27.038689396467444,7.590532121030138,8.277574885320277,98.21616136005984,100.34734532003957,51.68243291018175,51.242141487910864,18.744954743219363,19.12509301485955,23.209379137331407,23.98174595525458,0.1242,0.10672408966370225,0.055230761918342086,0.0657475451206695,0.09433333333333334,0.08238200657684211
1982-07-01,42.319032065212994,44.10556465543859,26.219588597432107,27.177131650994305,7.454200560491926,8.292859203116164,97.2315407545399,100.38650002202408,51.76765163218432,51.50959336756811,18.73051182955476,19.153697800296857,23.194461134353798,24.1133559407431,0.09316666666666666,0.1052075058789243,0.054498269896193774,0.06277348240961485,0.099,0.08287974772083112
1982-10-01,42.20743230181092,44.28771615086659,26.614754358519836,27.331254164023264,6.813131206850143,8.317558649124203,96.03323326542899,100.46743304439342,51.80955809833665,51.77389054081035,18.826973197947595,19.18832634029351,23.40046429984537,24.26400697961161,0.07906666666666667,0.10344382972807899,0.05006102194487294,0.059787054508246396,0.10666666666666666,0.08314999224598596
1983-01-01,42.650080000403335,44.49561559937291,26.824594604212376,27.500789520274214,6.944026881291715,8.352298291535204,96.36174732835643,100.59304340003494,51.71015148090332,52.037172082686325,18.99500115034157,19.22858398974469,24.440964138577673,24.432378872063634,0.08106666666666668,0.10149681833960653,0.04545351190340852,0.056836096921949845,0.10366666666666667,0.08317607040760064
1983-04-01,43.507881207654975,44.72875066362916,27.346308445618533,27.685024277716774,7.461730101775235,8.39670020238715,97.23187607717243,100.76345850337594,51.64917312865286,52.30164430774805,19.27210537834788,19.273848721629705,24.8212529071858,24.616589141247967,0.08396666666666666,0.09941499311503374,0.044952930048196116,0.053962366385758805,0.10133333333333333,0.08295601038248213
1983-07-01,44.25195589348655,44.985443746003924,27.827300116779366,27.882809365247656,7.824011526328372,8.449435322934777,98.89568690236186,100.9761532940402,51.70798732959179,52.56935162558634,19.37898655783084,19.323349000270994,24.877772676004913,24.81472748099186,0.09140000000000001,0.09723410661109189,0.04223665831541146,0.05120050551907022,0.09366666666666668,0.08250064697009929
1983-10-01,45.046188382914735,45.263226619812194,28.163420764009565,28.09276021053145,8.52912087744629,8.508537742234294,100.46262019159175,101.22637792093634,51.85281005434697,52.841965758441475,19.507151636617102,19.376307106705067,25.067168436392247,25.024967358189862,0.088,0.09498025618048203,0.0376526830551962,0.048579526043570055,0.08533333333333333,0.08183230079676519
1984-01-01,45.735864435569205,45.55912512036991,28.29972836169567,28.313424720445948,9.255556493816997,8.57158866878779,101.96133348621998,101.50805791963732,52.1012681800838,53.12064473067618,19.583303304824188,19.431973562861938,25.24566107848302,25.24547005674624,0.0917,0.09267589285927333,0.04028013397711949,0.046122837276441994,0.07866666666666668,0.08098027125110324
1984-04-01,46.408341633742694,45.86996482694288,28.656541947885675,28.543355893920438,9.478128251120769,8.636115911707634,103.02733653377432,101.8146000070487,52.60649695102572,53.40594060512817,19.670807980607172,19.48967334411714,25.50552251180018,25.47436388511465,0.09796666666666667,0.09033910502342211,0.040842277684382866,0.04384701925800198,0.07433333333333333,0.07997604586707222
1984-07-01,46.73119273145249,46.19260508333825,28.759240435315828,28.78105411877271,9.597981143457032,8.699990718574812,103.19918903828605,102.13963483859222,53.14306496031033,53.69776749377823,19.71605460203129,19.54881875166505,25.546881171417702,25.70971098953944,0.1032,0.08798737111584774,0.03527059223961859,0.04176500033900391,0.07433333333333333,0.07884966617576561
1984-10-01,46.97184353116157,46.52415986208104,29.005869240271867,29.02504260439939,9.417362377960847,8.761530804404098,103.55666043028002,102.47748042381095,53.670956856997506,53.9955290283961,19.70480558087401,19.60892856832061,25.8405180591813,25.94952111418871,0.08803333333333332,0.08564293680549656,0.03482818377784369,0.039887830906718144,0.073,0.07762764701294335
1985-01-01,47.3228228141327,46.862000456858844,29.48897999338,29.273780197893224,9.059947004082954,8.819549965272186,104.15508777629057,102.82304738696712,54.1806373192473,54.298263334238825,19.71251001458337,19.669620448520064,26.29948128626205,26.191624090235695,0.08183333333333331,0.0833375556543675,0.03583524984319464,0.0382225023433529,0.07233333333333333,0.07633368050633887
1985-04-01,47.62590387730494,47.203703503317065,29.738019762945285,29.525659542472667,9.171027676091656,8.873236037949859,104.6146601286221,103.17185458506967,54.57352589244075,54.60478099418636,19.732104672949887,19.730567458424336,26.53037787174658,26.433697662389736,0.07460000000000001,0.08110447522228939,0.03420785621104505,0.03677284375166085,0.073,0.07498856650430255
1985-07-01,48.22630061948743,47.54706454494253,30.27792169746647,29.779152955796587,9.038441386963932,8.92191470119034,104.63516916781643,103.52019287019205,54.967643180391086,54.91379087814143,19.928059285107576,19.79146553513245,26.860592126283628,26.673402026561426,0.07106666666666667,0.07897600293014044,0.03433608679570965,0.03554119220158206,0.07200000000000001,0.07361060463820158
1985-10-01,48.44169587418534,47.89008074117769,30.29612999020965,30.032813951447093,9.369247698220747,8.965091544020474,104.84882927065836,103.86520443548731,55.29676078376783,55.223952407229405,19.948817482353988,19.85200782517495,27.024967649394398,26.9083762736896,0.07166666666666667,0.07698038090178487,0.0351672589143488,0.03452828164584372,0.07033333333333334,0.07221685168533802
1986-01-01,48.65340613231382,48.231119259986926,30.475448827921785,30.285461208451913,9.319235123716151,9.002346982408643,104.18312539851212,104.20469157954493,55.586624188933165,55.533928448784295,20.082343327176147,19.911969356833655,27.155383779899434,27.136300899405033,0.06896666666666666,0.07514090792592225,0.03033667043436128,0.03373409284629431,0.07033333333333334,0.07082335779511503
1986-04-01,48.73834203148752,48.56884988256014,30.575322817597204,30.536041447481182,9.170454448728433,9.03351609901952,103.61602124091172,104.53704500092933,55.975296132169014,55.842397922093745,20.139726085787114,19.97118326021409,27.691744271653505,27.35486218939195,0.0614,0.07347756171985517,0.020983081389528424,0.03315900592557515,0.07166666666666667,0.06944499591796574
1986-07-01,49.06485232814071,48.902174287023804,31.063871184432827,30.783589198233237,8.900373193285914,9.05864082501184,103.84262087841417,104.86062340746157,56.307647605357424,56.148044319867296,20.20397330315909,20.029587489168712,28.186275667264912,27.56169962493711,0.055233333333333336,0.07200646110009917,0.018396010886624126,0.03280127761732009,0.06966666666666665,0.0680963327390347
1986-10-01,49.18395658103105,49.23007503200993,31.181271338422878,31.027136128082358,8.892079599867646,9.07786189983388,104.31959927738022,105.17318641969683,56.55695554814754,56.449607528871006,20.161579536012383,20.087224961883237,28.57044444744464,27.754615141863923,0.05353333333333333,0.07073617640709486,0.017459753787878673,0.032651554702327945,0.06833333333333333,0.06679332348768435
1987-01-01,49.37527976205101,49.55161511964966,31.19587515717738,31.26586509565394,9.109302239820073,9.091233326254386,105.24964323351611,105.47182803349499,56.76277859107441,56.745903219296295,20.09800374636504,20.14424841194959,28.73716434936971,27.931768060497365,0.05536666666666666,0.06966479477642859,0.019864046858777185,0.03269148066969085,0.06599999999999999,0.06555290485198194
1987-04-01,49.764279927648886,49.86580973224738,31.61500425110446,31.499037244734055,9.055720586364705,9.098703482813663,105.54759633856652,105.75307674463184,57.05067011881033,57.03579300307348,20.18338835880403,20.20085910111635,28.69927623816006,28.091812735529825,0.05656666666666666,0.06877965156676563,0.03080815013825422,0.03289320413292941,0.06266666666666666,0.06439297602614816
1987-07-01,50.061380700753965,50.17154417247611,31.949531864937743,31.72585412893674,8.98282404380072,9.100243412965993,105.99924044673006,106.01329331641251,57.3268969421125,57.31812990659432,20.21341173689526,20.257231551176183,28.5831943004701,28.233911889762215,0.06043333333333334,0.06805914580670266,0.035093537249087925,0.03322085655943237,0.06,0.06333171563887124
1987-10-01,50.795394935828114,50.467620191801295,31.959307984318635,31.945575594886044,9.599803573161019,9.095808805129545,106.83040685994689,106.24868631556883,57.587795034932064,57.59175866722868,20.373519107892445,20.31353130222163,28.603210566719227,28.357630410065244,0.058633333333333336,0.06747404340927379,0.0377523122564134,0.0336372662578418,0.05833333333333333,0.06238622337548971
1988-01-01,50.919643883553114,50.75275099806715,32.43739930536924,32.15759114794265,9.118986331701274,9.08529339527379,106.63838109988151,106.45543916535759,57.978349583984354,57.855513620829925,20.398937544474148,20.369898192854105,28.80015857773797,28.46278488043712,0.05723333333333334,0.0669903441547173,0.03614990107758209,0.034106431962230815,0.057,0.06157151659906777
1988-04-01,51.470503663167555,51.025838237753575,32.64452894664069,32.36129260098388,9.267849478466365,9.068909159266184,107.89015621845519,106.63009215855374,58.26061433647035,58.108212556776245,20.429042110093516,20.426511269491197,29.008072178732583,28.5493832089117,0.0621,0.06656852237947398,0.037573244045354226,0.03459492431042164,0.05466666666666666,0.06090007961639328
1988-07-01,51.645340921699585,51.28587774119329,32.86614478766058,32.55624321901723,9.2091416741786,9.046899246716078,107.91604410479943,106.76930576961281,58.561427974465474,58.34873853051799,20.458330866596928,20.483569808581645,28.85927118909094,28.61768326803034,0.07010000000000001,0.06616295428822129,0.040499792695337655,0.03507059110843359,0.05466666666666666,0.06038153953637971
1988-10-01,52.21724648476732,51.53213826322405,33.21453293707748,32.742185203544075,9.310485382785133,9.019637811166511,108.88460431855273,106.87054189542799,58.849639105254404,58.576061863164654,20.529788067830797,20.541276904416083,28.798495994170697,28.668268338548963,0.07726666666666666,0.0657252232591495,0.04202167414050817,0.035503141612120315,0.05333333333333333,0.06002162758484695
1989-01-01,52.60044630159962,51.7641154173883,33.31086503728763,32.91906111272225,9.596559067503614,8.987604369240676,109.6684051392943,106.9320061931878,59.11967809023342,58.78928162436109,20.551297945881622,20.59982207630119,28.580395383472702,28.701911340427195,0.08539999999999999,0.06520937332401877,0.04573345939232154,0.03586567832832732,0.052000000000000005,0.05982250319207135
1989-04-01,52.88623561590893,51.98174030576345,33.48714439383241,33.087119591182926,9.432865304341213,8.951457893682134,109.85273915444553,106.95319164814144,59.48849210326349,58.98766776937112,20.59553515971385,20.659389808798068,28.41191376309618,28.719501689438534,0.08410000000000001,0.06457666191671887,0.048240708483837214,0.03613537784673032,0.052333333333333336,0.05978214560442206
1989-07-01,53.15743231460204,52.18548100030612,33.68816274969072,33.24687065493702,9.300414460567206,8.912218953774893,109.85322611465152,106.93532485293365,59.79803247024946,59.170700775115385,20.663519403691897,20.72013623509842,28.682640225166168,28.721882983957528,0.07843333333333334,0.06380096561281212,0.041585915850102406,0.03629558412017004,0.052333333333333336,0.05989364500377324
1989-10-01,53.14388755369899,52.376391991484304,33.785173084710024,33.39909431052622,9.208104959124087,8.871185457371062,109.61547376598169,106.88146213830846,60.06710443223435,59.33818194523846,20.654886122565657,20.782179201288873,28.97318187365599,28.709731006596343,0.07653333333333333,0.06286836307416285,0.039269128010184895,0.0363372069331354,0.05366666666666667,0.060145436064329635
1990-01-01,53.296257207213706,52.556161840761575,33.92283006323497,33.544869081374955,9.173612285526792,8.829869133790039,109.06013287362002,106.79648909296425,59.95661335072338,59.490316347804956,20.796002195016236,20.845602427555143,28.847512036551876,28.683718640731623,0.0776,0.06177407819246073,0.04235064704839564,0.03625446252744654,0.053,0.06052122826550194
1990-04-01,53.37705033327222,52.72699153228228,33.883708792804185,33.685540328924134,9.0876688019214,8.789959056467348,108.35882733107336,106.68699031653736,60.195923210379405,59.627779616177634,20.885907047903366,20.910410491192415,28.70615027869625,28.644700649770158,0.07746666666666667,0.06052187546580739,0.03783452859891545,0.0360433995955967,0.05333333333333333,0.06100068185582727
1990-07-01,53.29005567246002,52.89157981337727,34.07928577857051,33.822717044227225,8.866310868512413,8.753323099529418,107.5569156980547,106.56094086995117,60.39322500628933,59.75155754594739,20.928804261038962,20.976576924834745,28.707562757867077,28.59364756000613,0.07476666666666666,0.05912541059343415,0.044864103500443564,0.03570387694540474,0.057,0.06155875631617683
1990-10-01,52.66190515116275,53.05306946017199,33.92181748819286,33.95816143279289,8.30922540955353,8.721981774731548,106.80577122292935,106.42732345339506,60.504199872997376,59.86300969480832,20.76319135062844,21.04405962363013,28.630465361182182,28.53157753174079,0.06989999999999999,0.05760892976907293,0.05043220207387966,0.035236872840316597,0.06133333333333333,0.06216561903459524
1991-01-01,52.30404580868215,53.21489299702736,33.57033782446358,34.09382612896158,8.012804150811698,8.698003267235901,105.53532301621522,106.29569763492333,60.5072955829402,59.96391496209877,20.782750130065196,21.112785957928562,28.64027874305479,28.459584653778055,0.06023333333333333,0.056006454971501404,0.04086804197350302,0.034649090685375084,0.066,0.06278858817642953
1991-04-01,52.60566002114052,53.38027836620987,33.71690919725911,34.23167241459279,7.955344977844706,8.68318477276262,104.66097764486591,106.17581193364022,60.44337474025584,60.05647086815205,21.023709959677365,21.182504542633687,28.698363301908994,28.378825146600597,0.0556,0.05435969009839158,0.03712942207540504,0.033956730966394004,0.06833333333333333,0.06339446172846343
1991-07-01,52.74208058300591,53.551916140086455,33.767418808144406,34.373361033496494,8.052266006320094,8.678891119054768,104.28560820986557,106.0768974668648,60.34174718577045,60.1432321006278,21.139961617852002,21.252751423192716,28.51580044230428,28.290563652164522,0.05376666666666666,0.05271298084639161,0.03107161282806592,0.03317988101374221,0.06866666666666667,0.06395204480987035
1991-10-01,52.78016695913215,53.73204180280894,33.70117467553425,34.52025383461738,8.246510367496263,8.686044150727861,103.8217718680591,106.00720825327402,60.24813414557585,60.227012324074295,21.228145525983294,21.322956187813855,28.358749933218,28.196253923153783,0.0454,0.05111144810583815,0.024999178739200545,0.03234061108973173,0.07100000000000001,0.0644332293345768
1992-01-01,53.29430516354225,53.92240993715335,34.34300160313222,34.67335168598085,8.013842491235408,8.705204002846768,102.98166130144686,105.97386864258989,60.239684199911395,60.3107660702188,21.54948889027001,21.39246972582276,28.435178707973677,28.097475016235567,0.038933333333333334,0.049600871320705515,0.026028561158132124,0.03145967378905854,0.07366666666666667,0.06481285385516983
1992-04-01,53.751002084628425,54.12419937425485,34.52002326819991,34.83315226368735,8.415434191594361,8.736700327688474,103.15009294087798,105.98264703328638,60.171277964041145,60.39747773829396,21.71971479940495,21.460574783405757,28.21996354710707,27.995887895262307,0.0368,0.04822346027990189,0.027236089443577693,0.030553233311199524,0.07600000000000001,0.06506986115590228
1992-07-01,54.13624455356895,54.33821386307147,34.84770003063117,34.99995525585533,8.443325056824682,8.780464033383755,103.04800907963747,106.03746148051846,60.17897512389623,60.49010457539182,21.888487211361436,21.526643703477003,28.038287417674884,27.893339664238532,0.030833333333333334,0.04701475756109334,0.026810214029764134,0.02963405941023725,0.07633333333333332,0.0651887276540343
1992-10-01,54.534300058091546,54.56503988007772,35.159008562550376,35.17387001115687,8.63597043021006,8.836267334288802,103.39455397151009,106.14049775080632,60.17088935461445,60.5914810781729,22.002399795792392,21.590203748516576,27.957713720785296,27.791789555298642,0.0307,0.046003166079271005,0.02652073585026593,0.02871284862533702,0.07366666666666667,0.06516076110360351
1993-01-01,54.48700279658069,54.80515262044486,35.217100805394566,35.35491414892354,8.775533628188425,8.903704833779996,104.04675169418678,106.29211392480465,60.24299351086525,60.70426800479948,21.88447473807949,21.65100319700717,27.651340657637224,27.693258160182552,0.029600000000000005,0.045206975359283676,0.02621227804761528,0.027798532592301334,0.07133333333333333,0.06498423463719716
1993-04-01,54.677522818132715,55.059023048610236,35.48233630104009,35.54309857749894,8.788946485857352,8.982270867439984,104.98047868282046,106.49099127938506,60.360508701583704,60.830886315287565,21.818947769733757,21.709045360731825,27.545383909410674,27.59984055334882,0.029666666666666668,0.044634910447180605,0.02629247611213037,0.026898672876448274,0.07066666666666667,0.06466273757837937
1993-07-01,54.79445743748162,55.326936583805704,35.72647275212235,35.73834936854291,8.725045149281383,9.071394339116562,105.32995067232767,106.73443980946493,60.45801602223996,60.97349439861336,21.806104413579195,21.76448080405633,27.441690526048703,27.513579189460163,0.030033333333333335,0.04428594202941151,0.024208127014069047,0.026019839634005507,0.068,0.06420382743739941
1993-10-01,55.38278431965307,55.60894964567534,35.94923112549298,35.940554497772965,9.105588870860785,9.170384932485645,106.03234220854252,107.01884551127715,60.52414401958386,61.133985033393735,21.93682982421148,21.81753169796836,27.377363043026296,27.436461042238445,0.030600000000000002,0.04414968564006328,0.022978816403627977,0.025168224148222992,0.06633333333333333,0.06361881418018672
1994-01-01,55.78733833955835,55.904788754152456,36.23079530077481,36.14959361691785,9.42123782882985,9.278318012260664,106.44367740654685,107.33971435521477,60.710757224885135,61.31395910425006,22.017793241274337,21.868449527622158,27.259202202807337,27.37041314269142,0.032433333333333335,0.04420684893278776,0.020561443801306645,0.024348885381963236,0.06566666666666666,0.06292138038052239
1994-04-01,56.41799115248546,56.21403764963,36.45883322190418,36.36535054201198,9.847730725234475,9.394198522629333,107.9287056980031,107.69191210218544,60.978594364954866,61.51466694136813,22.033096478934844,21.917563667811415,27.122206459043014,27.31731829054194,0.03986666666666666,0.04442967100771172,0.019406850201930004,0.023565513918248363,0.062,0.0621269051866582
1994-07-01,56.59542724202478,56.536201940336035,36.691009077690914,36.58775887190027,9.663421729388565,9.517081272366067,108.90362184524906,108.06969775834251,61.31550136589388,61.73701182021464,21.931244365052947,21.965300526029353,26.91684229809767,27.278991277556024,0.04476666666666666,0.04478303251771227,0.02228531962243885,0.02281943318911259,0.06,0.06125248355077474
1994-10-01,57.08480927233605,56.87090913877481,36.957927180989515,36.816810716113984,10.011974818543749,9.646259862424772,109.05874347951739,108.46741611601148,61.58812694638543,61.981590416234944,22.066137911467894,22.01216297793346,26.6918920230027,27.257136191786767,0.0528,0.04522896223795333,0.021196075140009984,0.022109367461767438,0.056333333333333326,0.06031513110931094
1995-01-01,57.205220914233436,57.217819148402306,36.977670701208304,37.052564160585014,10.095976160001763,9.781083888956783,109.423886009226,108.87986175976152,62.022932990722715,62.24876239959219,22.010429432592684,22.058637025908855,26.549239676164724,27.253251629979413,0.05736666666666667,0.04572947871494196,0.022519234862999005,0.02143370718244525,0.05466666666666666,0.05933108069648649
1995-04-01,57.256555870481165,57.57672179445109,37.26178223677027,37.295168765896754,9.848554454834504,9.92109641381186,109.0385941196382,109.30212630535982,62.42257394605913,62.53866487752584,22.03116777393854,22.105246702286994,26.616265452045777,27.26851177554181,0.055966666666666665,0.046251332393786475,0.022772292199053412,0.020790271989677263,0.05666666666666667,0.05831407652291104
1995-07-01,57.594857347925384,57.94739627643827,37.471370675408174,37.54473129716785,9.76951209943468,10.066011686132372,110.00758125478973,109.72956865810893,62.716281989658434,62.85131443332469,21.998088297273103,22.15249020014914,26.882909960797434,27.303685586645123,0.05366666666666667,0.04676854696206505,0.019637575630189197,0.020177559976795045,0.05666666666666667,0.057274947540425586
1995-10-01,57.82792278633788,58.329414978920205,37.61399706280033,37.801340908226564,9.933384293121648,10.215477831774743,109.98792815096152,110.15730895709204,62.96999299642568,63.18667347083681,22.058480546445207,22.200823417524145,26.939689469434885,27.359174421043917,0.05260000000000001,0.0472612181912764,0.019336521219366354,0.019595307999761016,0.05566666666666666,0.05622349306971096
1996-01-01,58.13756007965877,58.72211663478378,37.90845153187361,38.06504325718447,10.014264081222134,10.368925229136813,109.97064905563761,110.5805658882108,63.29430715396356,63.544636022178665,22.139015386537775,22.250609047627087,27.08343789294924,27.43516083879473,0.0493,0.04771375317773461,0.020015762784957092,0.019042915424320978,0.05533333333333334,0.05516913225590189
1996-04-01,58.9583439742554,59.12450401966306,38.31670688813126,38.33576671280763,10.410490884040533,10.525562318583084,110.71988945454375,110.99437865371841,63.60289488008862,63.92497315095792,22.314683940387315,22.302123555302156,27.22966293219117,27.531608170290216,0.050199999999999995,0.04811389575638424,0.02089031475923675,0.018519619874482994,0.055,0.054120936227631256
1996-07-01,59.317879634659626,59.53518050679965,38.47703284872809,38.61333841303312,10.75524876372707,10.684313849607749,111.32869685499274,111.39333014120037,63.978674460391375,64.3273070368627,22.324806037430314,22.35557598629528,27.318217572962507,27.648299971624848,0.05096666666666667,0.04845038116643374,0.02107045571670474,0.018025267003855525,0.05266666666666667,0.05308807873920529
1996-10-01,59.75384526883998,59.952604685673556,38.723612562959886,38.89756846279161,10.707722948987033,10.843962510844062,112.25703023568255,111.77175913781498,64.4158657421028,64.75105961036851,22.314573750126204,22.411185633818135,27.457870165877736,27.7848663118615,0.04976666666666667,0.048713248462243855,0.02352889436186123,0.01756118415035,0.05333333333333333,0.052080282959788005
1997-01-01,59.85997831300358,60.37505293398543,38.89022654554938,39.1881746139646,10.89738491228323,11.00326290623617,112.68604155902749,112.12389899233783,64.72055931590008,65.19542794848373,22.262053606844248,22.469155078318337,27.53949376470027,27.94075898872104,0.0506,0.04889410937661294,0.02236379805519495,0.01713060189482339,0.052333333333333336,0.051107008675998045
1997-04-01,60.72514256695167,60.800625679321165,39.001090948206816,39.48475519385645,11.335626070794124,11.160810217544126,112.98593175064352,112.44423403751658,65.22264010458157,65.65938383389692,22.483934498658595,22.529628704707285,27.734498168075735,28.115244540476983,0.05046666666666667,0.04898523402871713,0.018116781555928663,0.016740480637014853,0.05,0.05017849883093752
1997-07-01,61.322504341341656,61.22704093908335,39.493965009861355,39.78670597451211,11.504847958139033,11.315056385012184,113.36028892574662,112.72756536401765,65.78749234309522,66.14157510056017,22.588070957345295,22.592622313641378,27.971693733247637,28.307345959483776,0.05046666666666667,0.04897995871937217,0.01646814524269602,0.016401051524263785,0.04866666666666667,0.049305762820619416
1997-10-01,61.674091288131514,61.651904515414245,39.847331275631205,40.093094558512064,11.570375053257994,11.464489496944774,113.58312269387625,112.9690174472297,66.36325489603858,66.64033709645952,22.619507239282406,22.658123758610216,28.2365174955314,28.51584224941555,0.0509,0.04887254564479253,0.012761569200360867,0.016123405891983893,0.04666666666666667,0.04849969847928734
1998-01-01,62.153112481622784,62.07281713366212,40.10601872127752,40.402772314592085,12.003215050051686,11.607654333131737,114.0382060396506,113.16411485112508,66.9715066042188,67.15373258979248,22.663535144500912,22.72611849660284,28.645710855461864,28.73928254252725,0.05053333333333334,0.04865818619365967,0.008384787599640786,0.01591867700916291,0.04633333333333333,0.0477708042060887
1998-04-01,62.57224260582199,62.48733077708727,40.68773486897039,40.714397646233934,11.829641057119373,11.743112030069302,114.33838258422804,113.30879086266074,67.65056777806815,67.67958929408822,22.69712901608822,22.796568085873613,29.040215144764215,28.976007186573465,0.04976666666666667,0.04833333891362708,0.007681037793550782,0.015795896996856306,0.044,0.04712843275528801
1998-07-01,63.182185321548154,62.89298784145783,41.055487332749166,41.02639781588022,12.06428866464973,11.869632496014884,114.17639213009423,113.39956869891633,68.24082112970817,68.21555030136078,22.869864594634134,22.869394735355243,29.324691675507665,29.224252165056132,0.04823333333333333,0.0478956343193105,0.008143230053342387,0.0157593892952386,0.04533333333333333,0.046581038461854296
1998-10-01,64.00732564216199,63.28732830387152,41.516221902351255,41.33713489290426,12.375615590249874,11.986020184735168,115.2370991733604,113.43367624464484,68.85705948602448,68.75916382816771,22.9573497676666,22.94445745921362,29.91074727708191,29.482239355192768,0.04253333333333333,0.04734359875517136,0.007622684203083097,0.01580840555748224,0.044333333333333336,0.046135120390284536
1999-01-01,64.36478231421471,63.66802376178789,41.7307423128651,41.64494080415437,12.672761001649402,12.091192845327488,114.64404593958673,113.408904477358,69.47503091566982,69.30791379973519,23.09079074404057,23.021614126136967,30.227576519141746,29.748193890323098,0.04406666666666667,0.04667596962755485,0.009545358127695636,0.015937437337233497,0.043,0.04579639778937036
1999-04-01,64.72898777566414,64.03315656076154,42.336153110581414,41.948213620460976,12.559164871891214,12.184315390674945,114.96536622475162,113.32425292012928,70.22118365610042,69.85926402127286,23.092738505050058,23.100729133486986,30.470740491883795,30.02054758552555,0.044533333333333334,0.045888477926917505,0.01345228180624769,0.016135860112292136,0.042666666666666665,0.045569463790992804
1999-07-01,65.3940204752823,64.38122006655274,42.76942166005592,42.24536330637345,12.784528417300177,12.264931835722038,115.36432598481643,113.17958417804907,70.8943993574964,70.41070254974588,23.199915797377365,23.181708746056753,30.725642281342587,30.297976308790798,0.04649999999999999,0.0449752238293653,0.01588753482874128,0.01638905431095196,0.042333333333333334,0.04545716377841452
1999-10-01,66.2704650124136,64.71113145221638,43.28953190429519,42.53500562853214,13.073781508613639,12.33285354268882,115.51002439595588,112.97587250014902,71.59924976952158,70.95986771463754,23.410371443640003,23.264453094814794,30.88106326844199,30.57938979328812,0.05043333333333334,0.04392946054563322,0.01936869289393539,0.016680723125065487,0.04066666666666666,0.04546052888669548
2000-01-01,65.59143705712238,65.0224410933656,43.40037943590863,42.81605637198862,12.79180633494719,12.388254140817741,114.43118035598505,112.71552683886532,71.56259053932928,71.50463239434757,23.316438947155042,23.348872509383167,30.724642466656533,30.86392602684685,0.055200000000000006,0.04274539427156289,0.025619834710743694,0.01699425629680887,0.04033333333333333,0.04557863785686747
2000-04-01,66.57913151444122,65.31568435240158,43.60708578905597,43.08788587144008,13.48631979502132,12.431806433172945,114.40593639342455,112.4025825297911,72.23604862777383,72.04321235572067,23.59346400222135,23.43496772884515,30.95113292771761,31.15088072473801,0.05713333333333334,0.041421296123488244,0.02468104072650279,0.017314723549463784,0.03933333333333334,0.04580757326607476
2000-07-01,66.4353390498691,65.59178393884858,43.91167900054734,43.350226407267606,13.263476494824399,12.464480407728006,113.99869534838804,112.04216935881307,73.05254056570645,72.57381264529774,23.50449422422311,23.522719185542748,31.034641211074902,31.43943360446509,0.06016666666666667,0.039963221346323526,0.025640315274757297,0.017632585592820632,0.04,0.04614013937613439
2000-10-01,66.63151478305718,65.85248505185695,44.17482816435015,43.60314111827051,13.199103620253135,12.487923532869182,113.26991686416983,111.64065375688816,73.79757720390394,73.09471575663946,23.588455890338658,23.612206597684168,31.23189439692313,31.72860593235721,0.06016666666666667,0.0383870452082391,0.02521031543873642,0.01794290708490545,0.039,0.04656509404890547
2001-01-01,66.24479502924542,66.10010383640234,44.25901225851564,43.84705790636052,12.472556767791223,12.504305143694394,112.91984512228379,111.20557034116989,74.53626932099343,73.60446752657951,23.41701021312432,23.703499529437686,31.7651652503015,32.01712381440283,0.04816666666666666,0.036721270130730566,0.0244881792977234,0.018245757514795485,0.042333333333333334,0.04706735755913698
2001-04-01,66.4615819026887,66.33749047248757,44.15879565564767,44.08278289019797,12.372006257779756,12.5162543517269,111.5115865882014,110.74538069303301,75.03584870111885,74.10202845032356,23.630757224080313,23.79665377885802,32.277458010946944,32.30334962607196,0.0366,0.035008010798705025,0.024399195302305277,0.01854574850178914,0.044,0.04762712199779737
2001-07-01,65.98437440040996,66.56763491051775,44.02065326778695,44.31140687817046,12.10920564697245,12.526397664683488,109.77797547293933,110.26948798673484,75.47554555621583,74.58693069290469,23.652827349742722,23.891544576693303,32.767985196230775,32.58542907671157,0.0317,0.033296535269904545,0.018354447475756874,0.018851393178799136,0.04833333333333333,0.04822162069071395
2001-10-01,65.95425047005078,66.79365124704445,44.46656909322486,44.5340979548497,11.446157855814612,12.537281404755163,108.20819942331934,109.78762177533407,75.83362669207597,75.05929553732356,23.82489964371762,23.987940372386085,33.30915575499815,32.86143181477342,0.01906666666666667,0.031637106595322005,0.013053988718775278,0.01917486308298854,0.055,0.04882582001246543
2002-01-01,66.33693545175119,67.01832949659602,44.40126990904033,44.751868603333335,11.766118294079936,12.551195387947166,107.01968511699474,109.30904220691964,76.0629313204404,75.51981987640666,24.110293118798705,24.085454746366235,33.69638673893733,33.12948595790203,0.0172,0.03007898999140661,0.007625446595211471,0.019528019160455996,0.057,0.04941475615803215
2002-04-01,66.57756253883764,67.24396650747988,44.68864464654853,44.96571218301326,11.822151655226206,12.569725752367981,107.03192953175473,108.8418636216942,76.36903451357556,75.9697173831494,24.16196196446018,24.18359188066593,33.762107946689234,33.38795252238403,0.01713333333333333,0.028663594149652156,0.01037644467444232,0.01991889681082253,0.05833333333333333,0.04996732418488663
2002-07-01,66.64389803197545,67.47245929187496,44.88092820754083,45.17642164973008,11.72936221497016,12.593963641771643,106.3153743202543,108.39262906267246,76.6352487684577,76.41058343407994,24.262300913198988,24.281863453519033,34.13222196071877,33.63551296688163,0.016433333333333335,0.02742427839280783,0.015092638028673333,0.020348092325855886,0.05733333333333333,0.050467159927902655
2002-10-01,66.52005754430026,67.70530928402285,44.94007206716696,45.38463141382903,11.681784259018436,12.624531530025786,106.11762094546097,107.96664639950077,76.86572072592217,76.84431066427292,24.22107042944238,24.379759537288415,34.524609095569055,33.87106325956266,0.013333333333333332,0.026387195630612606,0.01940820871778559,0.02081023796473857,0.05866666666666667,0.0509031279776718
2003-01-01,66.39498065502193,67.94351421698344,44.962917629951804,45.59080197815672,11.647336036174964,12.661503752374488,104.81563246182914,107.5678483485539,76.76496596780098,77.27298274558356,24.381492060369627,24.476749709859494,34.67405253191762,34.09380071574199,0.011566666666666664,0.02557162943214329,0.02513759525825554,0.02129668132771735,0.05866666666666667,0.05126838428316401
2003-04-01,66.78142463164359,68.18733370567514,45.22705410820862,45.7951215035789,11.643372363885982,12.704348430992166,104.19484899964158,107.19896659198245,76.97657811475355,77.69874764559187,24.59456510935999,24.572195035800817,35.13205740358069,34.30333267567738,0.0104,0.024988704702540866,0.01860923238558021,0.02179789374675966,0.06133333333333333,0.051560937005029894
2003-07-01,67.6654337184335,68.43604555110609,45.75270698376576,45.99738368549878,11.959252643291558,12.751869080257446,103.99635174352906,106.86098345322497,77.15469912019876,78.12348121269574,24.930862828332447,24.665386976190227,35.52200552135624,34.499642602539794,0.009300000000000001,0.02464079324521789,0.020042070055788397,0.02230674712503951,0.06133333333333333,0.051783418230409745
2003-10-01,68.2161227773504,68.68802301045963,45.85578926147679,46.19701900284351,12.350227905146761,12.802158902870115,104.13905965933223,106.55299809531249,77.39761271674843,78.54864327532718,25.083755034485424,24.755621185825856,35.15428576959925,34.68325236865316,0.009166666666666667,0.02452114892314783,0.020300145651269252,0.022814120452380172,0.05833333333333333,0.051944567794149035
2004-01-01,68.57804447373826,68.9411274799543,46.29276978923978,46.39329441186739,12.38909133027931,12.852767763188526,104.54556370955213,106.27233755817126,77.96887812085798,78.9751101513427,25.0884044418831,24.842350597389792,35.16081878682432,34.8553507100435,0.009166666666666667,0.024613437603525894,0.02036549481183214,0.023309477295436636,0.057,0.052059094228032565
2004-04-01,68.91816223935855,69.19289055663053,46.354518823706634,46.58524992670153,12.87353239605396,12.900917278149553,104.34677830613188,106.01485839329361,78.34217018789117,79.40304478709159,25.20187716453706,24.92522747220164,35.522251849542215,35.01746168476535,0.010766666666666667,0.02489172860213701,0.026198396121812184,0.023780709986613177,0.05599999999999999,0.05214569904230712
2004-07-01,69.35227200422973,69.44057870257922,46.68458105288687,46.77184818523142,13.065698427823838,12.94349127200753,104.67053635121563,105.77538937554561,78.79236019076673,79.83197385968683,25.258898247067346,25.004055684276256,35.58209755120323,35.17134231649341,0.014866666666666665,0.025320437002930546,0.02448990047775812,0.024213870869261828,0.05433333333333334,0.05222617181332691
2004-10-01,69.82936579080861,69.68124691211474,47.09441750072339,46.951892154495134,13.322827425796937,12.977321048593172,104.87819725913016,105.5477695258842,79.26431383574125,80.2607390881514,25.346882581798237,25.078812076402865,35.65898718948267,35.31910564520592,0.020066666666666663,0.025855149726146213,0.02819378767987568,0.024596523340569117,0.05433333333333334,0.05232471105554473
2005-01-01,70.40868674581135,69.91185623787501,47.160879042593,47.12411496986949,13.710101194630226,12.9992961133387,104.80195405432957,105.32520445677152,79.82636254210476,80.68749647347965,25.50609474246079,25.149635076245723,35.47690368558002,35.46316341680207,0.025366666666666666,0.02644492008556355,0.026257873567580026,0.024916403316226885,0.053,0.052466832259363425
2005-04-01,70.55680732100576,70.12942537012256,47.507649452026946,47.287325545303034,13.52137663135817,13.006526679477775,105.11717629403536,105.10054034374525,80.46030180965242,81.1097302650846,25.43937782875422,25.21683457305035,35.37125160348221,35.60618287204476,0.028633333333333334,0.027035183593049905,0.025831092795939536,0.025163495002139043,0.051000000000000004,0.05267930630410941
2005-07-01,70.8745183175082,70.33125492605255,47.82307364621155,47.44034549637985,13.649370676383441,12.996593478997154,105.10123571493155,104.8663581723761,80.98552922210504,81.52432723008808,25.498314769241375,25.280948171024022,35.43355076863262,35.750884006334495,0.0336,0.02757070185208583,0.031843470650746886,0.025328621023116598,0.049666666666666665,0.05298923729894704
2005-10-01,71.02529530916266,70.51489329272101,47.73662066084156,47.58212687828901,14.100698679290826,12.967461221601173,105.3743695105122,104.61531743405416,81.51588486679324,81.92770269133761,25.451275932122307,25.342659683863108,35.49344702438206,35.89988277188265,0.038266666666666664,0.02799723530973957,0.0312387658208233,0.02540302125259168,0.049666666666666665,0.05342267978660055
2006-01-01,71.80158763058482,70.6782176754661,48.04748477709133,47.71185763960495,14.307033233383596,12.917588106941427,106.1441773725602,104.34030085242182,82.21513539354251,82.31586672061832,25.531565922565633,25.40279658460594,35.614027311858194,36.055638473215396,0.04393333333333334,0.02826431272442182,0.0306021839335453,0.025382007345013696,0.04733333333333333,0.054003611703149025
2006-04-01,71.77675918607969,70.81942270268624,48.157516275704786,47.828823730104425,14.139121165638805,12.846225057963519,106.16391034704937,104.0347511857632,82.90539717832027,82.68450441890423,25.445085557301475,25.462262839655182,35.57831856265473,36.2203973760497,0.04703333333333333,0.02832788124914135,0.03312921004286595,0.025264538295187162,0.04633333333333333,0.054753663476471565
2006-07-01,71.6538153655517,70.93740865211052,48.32187219520508,47.93252502229967,13.996946575470572,12.753563174166718,106.26509957495706,103.69332456846789,83.50680303975416,83.02917670588782,25.32163743862199,25.522051758161542,35.727578690794005,36.396170566443274,0.04906666666666666,0.028153681174787504,0.02944312509087399,0.025052835708284458,0.04633333333333334,0.05569029661046615
2006-10-01,72.04102761245075,71.03168770082908,48.374541538391135,48.02267426057348,13.728279057215214,12.640661282961355,106.37557950025447,103.3120927131143,84.05390600535124,83.34553300763851,25.383202502132853,25.58315524184591,36.07859998788442,36.584605727557495,0.04903333333333333,0.027719143699802263,0.019629999158542688,0.024754036609320268,0.044333333333333336,0.05682570990269134
2007-01-01,71.96228727031807,71.10224011903644,48.45595495747103,48.09923727112205,13.487160184424344,12.50938255772913,106.09286878094328,102.88880868208766,84.43740989732125,83.62948767217735,25.35892025063728,25.646448425572885,36.10014468937992,36.78696726619624,0.049833333333333334,0.027014770638560028,0.023630427763360773,0.0243780219541734,0.045,0.058166254048657495
2007-04-01,72.20161640719624,71.14969773432277,48.52206252827499,48.162411460194235,13.531920623267043,12.362256778584205,106.329335968256,102.42318960730286,84.85852812903232,83.87738282061105,25.362264178844946,25.712689342696407,36.35510998626163,37.00423624352014,0.047366666666666675,0.026044385173956165,0.023341829174322815,0.023931470175315925,0.045,0.05971047200851909
2007-07-01,72.38936581879004,71.17525206421023,48.701801243399345,48.21262958850677,13.350317943678268,12.2023608127733,105.59071600950844,101.91697223288466,85.24545557707975,84.08607053423269,25.503051765044567,25.782462865769034,36.610745283712234,37.23699043058661,0.04303333333333334,0.024826072090570285,0.02177444033803333,0.023420592458850656,0.04666666666666667,0.06144867783365024
2007-10-01,72.61725260752908,71.18077033120596,49.03873335574902,48.250561516769196,13.040753699411312,12.033366113813194,104.89422200730469,101.37429102381465,85.57484294180729,84.25303971351222,25.658968750803247,25.856139519990915,36.73304857916493,37.485420229191526,0.0339,0.02339124259891493,0.03385914031737047,0.0228512314652548,0.048,0.06336199153041973
2008-01-01,72.34794145340183,71.16889072774234,49.216273818745016,48.27719370140826,12.611975017643699,11.859460067394696,104.62042929321814,100.80147790815643,86.13211373748732,84.37654380777701,25.5491648715498,25.93391879126082,37.30953014072685,37.74933335823913,0.020433333333333335,0.021782687447779368,0.03283993597906476,0.02222820100993005,0.05,0.065422294348217
2008-04-01,72.59023534230572,71.14315221512979,49.464843581660034,48.29401233856146,12.405899254901277,11.685206700126148,103.78554197052215,100.20690293671286,86.29257287565513,84.45571493695188,25.751800042030617,26.015879599810905,37.66359515899978,38.02806147540838,0.016266666666666665,0.020049765359328522,0.03411565729113586,0.021563194851310682,0.05333333333333333,0.06759186629172503
2008-07-01,71.99281503752457,71.10782853164459,49.0892457544151,48.30309396060895,12.071648184215292,11.515358178506132,102.28998049778562,99.60108318059147,86.36086664579686,84.49083928868077,25.774825686035218,26.101859571740366,37.73047418678969,38.320645092273445,0.014933333333333331,0.018240991709405796,0.03926876468690965,0.02087453908218668,0.06,0.06982334843165912
2008-10-01,70.20292426486482,71.06808463312785,47.609963611720524,48.30724437839376,11.091187287554927,11.354818395738144,99.1496408846105,98.99646808981099,86.33895681605955,84.48340916298578,25.6509007340314,26.191528597498646,38.72318933460472,38.62586960173534,0.002966666666666667,0.016402517437171686,0.01239537482609987,0.02018840508437292,0.06866666666666667,0.07206047025563561
2009-01-01,69.37976267474554,71.02962488896652,47.187640791960504,48.30976006983201,9.686972959733627,11.208552997055751,96.60119237512286,98.40684836368384,86.30398265232554,84.43613745415283,25.786502470825162,26.28434606434397,39.97796990699702,38.94210840978928,0.0021333333333333334,0.014578426195301633,-0.002567640937471749,0.019542460630687243,0.08266666666666668,0.07424082165850102
2009-04-01,69.09517004066869,70.99759814388548,47.11089005313012,48.31349977882343,8.953974028817287,11.081130536294562,94.12195720417476,97.84578348235362,85.75174549177511,84.35293538826474,26.177162828972467,26.379420611606484,40.4287313928521,39.267745457417796,0.0017333333333333335,0.01280440422973951,-0.008255945513000129,0.01896950285003605,0.09299999999999999,0.07629987140785877
2009-07-01,69.15171505187224,70.97610258513109,47.5695608488511,48.320613489299035,8.812936151320107,10.975964780233907,92.83690778845506,97.32540864334476,85.00480046620484,84.23890031660633,26.514799954834988,26.47553191582828,40.41628260324103,39.601760613938026,0.0015666666666666665,0.011108359603390471,-0.011959521619135272,0.018488510057845655,0.09633333333333333,0.07817835442444235
2009-10-01,69.70835079658777,70.9680303823066,47.602205851969174,48.332491504349406,9.509549514901286,10.894982683650655,92.47168671371956,96.85528257514302,84.24486088409343,84.10000481470978,26.881156302311368,26.57131405926951,40.39076138952199,39.94382576805516,0.0005666666666666667,0.009511280959849416,0.011815591173787166,0.018101444664315465,0.09933333333333333,0.07982744320935539
2010-01-01,69.97045726010097,70.97512387534162,47.873198445481975,48.35005328314989,9.658978946257616,10.838697765349346,92.64188451908853,96.44198847926573,83.82290135503604,83.94268356303851,26.99740453299833,26.665406043358587,40.23466804326408,40.29411325493098,0.0010666666666666667,0.0080281933846258,0.022635261564282638,0.01779123905984678,0.09833333333333334,0.0812096571255195
2010-04-01,70.4953598611698,70.9983404077658,48.03855699923235,48.373761116321305,10.112024377314926,10.806846697103751,93.22478301430169,96.08929493755917,83.36370300758456,83.77342940300751,27.141398755325582,26.75662183212698,40.36740693090158,40.65308320550062,0.0014666666666666667,0.006668531579295839,0.020162201237970523,0.01753689697640931,0.09633333333333333,0.08229970671718381
2010-07-01,70.86067796436805,71.03801617191725,48.20613901709219,48.40378057359292,10.466494868339888,10.798551882277414,93.36161733417086,95.79860650423407,83.00293283208016,83.5986163400064,27.297457743064605,26.843967818425924,40.540111295936576,41.02117336257294,0.0015666666666666665,0.0054373792912370215,0.015121940275066637,0.017320449660038043,0.09466666666666666,0.08308300482622737
2010-10-01,71.05140264178706,71.09418346869211,48.40713202689017,48.440069522973396,10.388619604401946,10.81264576236253,93.58632338269763,95.569612413576,82.74008711240909,83.42431246163675,27.358548664316388,26.926679598096495,40.71897308413961,41.398653873997944,0.0013666666666666669,0.004336569102256447,0.013803851719915272,0.017125569171931452,0.095,0.08355373531116428
2011-01-01,70.8417540794106,71.16677492194762,48.72250837266053,48.48246414105791,10.179770501943842,10.84788728937882,93.70353020210536,95.40058201426831,82.62880836740298,83.2561637069021,27.268481624776456,27.00426877269017,40.998970528286556,41.78549561126856,0.0012666666666666668,0.0033655143987708653,0.018386062965057404,0.016934553504922407,0.09033333333333333,0.08371332181915901
2011-04-01,71.18274420497853,71.25570734721579,48.8338618459598,48.53078170489923,10.511419560946997,10.902875008605152,94.5159726082363,95.28865942845549,82.3573656843177,83.09934355919742,27.277811637691805,27.07651386741966,41.53197110295855,42.18123048201088,0.00046666666666666666,0.0025217723781747765,0.02680558477363082,0.016727624578436268,0.09066666666666666,0.08357034191280652
2011-07-01,71.0019262880755,71.36070405391679,48.80134155888376,48.584990893898926,10.539972344717766,10.97585282578532,94.59177215917695,95.2300381116211,82.14715780544438,82.95859752317398,27.21868234022774,27.143359809526913,42.88350552249408,42.58486499546566,0.00023333333333333333,0.001801588458030117,0.02958337937893707,0.01648591150531098,0.09,0.08313751066189812
2011-10-01,71.63232238450935,71.48145161202575,48.874790916252856,48.645251607655126,11.322510275929584,11.064853209767154,95.18506868359482,95.22052949155463,81.94992076103523,82.83818184837924,27.37198832779254,27.204880580204268,43.459788773239346,42.9949484140742,0.00013333333333333334,0.001199923614829134,0.026408257384429534,0.016196842123506486,0.08633333333333333,0.08243197833919635
2012-01-01,71.63534830111672,71.61741898558341,48.85698371918613,48.71186193872314,11.447127872930965,11.167628211613575,95.19255494243204,95.25562666136729,81.46683837705876,82.74183228579555,27.428444355844345,27.261201592692842,43.613880403644515,43.41016110804589,0.0006666666666666666,0.0007107586656111449,0.02459846463766535,0.015856030188403758,0.08266666666666668,0.08147518427330006
2012-04-01,71.79721565706198,71.76817505985366,48.75218736664905,48.78526744045957,11.68125366353774,11.28205370197881,95.14848474552183,95.33086101434988,81.53067126112416,82.67272864847867,27.491160105056107,27.312557179206337,44.022643395262484,43.82942474711265,0.0008666666666666667,0.00032740780848951323,0.017069593909724068,0.015465471589921849,0.08199999999999999,0.0802910061396794
2012-07-01,71.72473060566077,71.93330500402583,48.60626800638146,48.866009775581226,11.620959374060165,11.406122445947458,95.4099662019449,95.44176492795913,81.62988036500431,82.6332627029167,27.402792881685816,27.359291075031116,44.49797934356283,44.25174710060389,0.0010333333333333334,4.31576840782624e-05,0.015327315465776481,0.015032626239510596,0.08033333333333333,0.07890406629030047
2012-10-01,71.63042033808927,72.11241640341807,48.707892244422275,48.95461639410331,11.508917563578297,11.538004721419124,95.72266217183369,95.58377883772619,81.70799396543934,82.62513334874647,27.29947839315113,27.40186366128963,45.17079934916414,44.67621942239807,0.0008666666666666667,-0.00014836803022223423,0.017662476598020893,0.014565956625069718,0.078,0.07734005519829204
2013-01-01,72.14172284608306,72.30498909147668,48.8695863940065,49.051458558294016,11.901082481640461,11.675928875260357,95.87665015932562,95.7523290917012,81.73771508309746,82.64944209199555,27.462136670922337,27.440767630765386,45.56111764614107,45.1020541291643,0.0008666666666666667,-0.00025292679723081375,0.01450676982591892,0.014074109415265363,0.07733333333333334,0.07562555662868478
2013-04-01,72.17713738411223,72.51020010971838,48.82232910041228,49.15675894511652,11.99555642323148,11.818021051519267,96.06073947961697,95.94292085811222,81.90648052674624,82.70675211014144,27.421578436214265,27.476435915715008,45.858155766195765,45.528747230726744,0.0005,-0.0002756416830807577,0.012584684216664366,0.013567666603746776,0.07533333333333334,0.07378756681201051
2013-07-01,72.61490077713918,72.7271201895052,48.863086742658666,49.27063165102765,12.388227298288541,11.962457189506932,96.3270741661232,96.15111801563647,82.0723942833228,82.79709315519273,27.51879182666421,27.50931841925924,46.160629329803655,45.95606750497836,0.0003333333333333333,-0.0002209360079904115,0.013806226544743394,0.013057480596919864,0.07233333333333333,0.07185414933924143
2013-10-01,73.06845232630278,72.95460381179193,49.09431669990045,49.39298505205922,12.47114152473885,12.107434515799454,96.35146929402595,96.37253038048524,82.32910732000664,82.92003051796812,27.655870629421546,27.53983380552397,46.70377419360684,46.38398538887349,0.0006333333333333334,-9.274831612619548e-05,0.011857956815171544,0.012553789437198603,0.06933333333333333,0.06985433390542559
2014-01-01,72.66279247801337,73.19142423427756,49.20594521568686,49.52347337661126,12.349081411578705,12.251329631601408,96.63141816492289,96.60284365667934,82.62543246057062,83.07470874444493,27.41601848423115,27.568409262680923,47.13520153670612,46.81260164029238,0.00046666666666666666,0.00010532926668379757,0.012958442891712663,0.012067299133214367,0.06666666666666667,0.06781744969560737
2014-04-01,73.44142026507086,73.43641310576061,49.51199585096096,49.6615624560384,12.824400055484018,12.39267293958216,97.1849143278723,96.83769179428013,82.87574335251962,83.25992998721772,27.57790354906771,27.59554677783522,47.44697450095084,47.24222504044564,0.0003333333333333333,0.0003701584156423869,0.0169724002177829,0.011608280798209752,0.062,0.06577250026947357
2014-07-01,74.15167848190505,73.68805450499568,49.81055639093722,49.806514932372295,13.086108474854083,12.529994438716663,97.66684701072998,97.07268498492986,83.21342045843511,83.4742359661488,27.715753304248096,27.62165493074524,47.740952516874835,47.67338158528224,0.0002666666666666667,0.0006988266418273812,0.015568137975620733,0.011187562510276423,0.06066666666666667,0.06374776994731791
2014-10-01,74.34420127071483,73.94481601371386,50.1445981032363,49.957493038999516,13.165473194816066,12.662039099265412,98.5190162189792,97.30360849583894,83.60442616407703,83.71594101158405,27.585944165247824,27.64713296304222,48.222937088647555,48.10674741321043,0.00023333333333333333,0.0010883984406401463,0.010503459596484355,0.010819324922143285,0.057,0.06176918523676577
2015-01-01,74.696272959648,74.20543524308331,50.11762237900704,50.11365313419629,13.572890817669808,12.787859221080648,98.37714565860692,97.52657988877293,83.85163995890811,83.98320141432058,27.713902567062387,27.67244048562295,48.94889268461411,48.543066679674844,0.0002666666666666667,0.0015356682074975725,0.0013754446926448338,0.010520486546205087,0.05533333333333334,0.05986074695589209
2015-04-01,74.99044988617958,74.46888285061677,50.31204832984298,50.274259675842906,13.501328548641775,12.906800360493698,98.53451575647178,97.73844127884261,84.36000491424171,84.2741014976533,27.735419550796074,27.698000457891958,49.0759766953511,48.983184369935366,0.0002,0.002036895922124484,0.001884092289635264,0.01030776847902804,0.05433333333333334,0.058043475181998844
2015-07-01,75.09950095295126,74.73442277863059,50.53461688401411,50.43857095841667,13.482679047939943,13.018686982553278,98.29816784208958,97.93654260874709,84.80748620226254,84.58663413473043,27.767680276595144,27.7242633509224,49.400766316438045,49.42823284023108,0.0004,0.0025875484382826847,0.001755754974638979,0.010192176166019883,0.051000000000000004,0.05633556035887392
2015-10-01,75.04583201956135,75.00163554214562,50.57303682406665,50.60585979445872,13.339532599211397,13.12372570658794,98.68054888866779,98.11871559714974,85.23380149338556,84.91883089743402,27.629368287031514,27.751704794692653,49.972241767337955,49.8794437368856,0.0012333333333333335,0.003181944549782651,0.0023132678764199444,0.010179450254969979,0.050333333333333334,0.05475287409164979
2016-01-01,75.23036791479163,75.27032481460522,50.85420709091037,50.77544993342129,13.1745678634492,13.22243674175967,98.73441264774034,98.28301003234574,85.5434496308114,85.26884262051088,27.652366549553218,27.78082958059315,50.95414643042766,50.33807492831126,0.0028666666666666667,0.0038130358326609304,0.007322186535025699,0.010270058630423082,0.048999999999999995,0.05330795326023463
2016-04-01,75.29285607067105,75.54031919120378,50.96240622307909,50.9466354573746,13.0629109732274,13.315506715420733,98.79712913073446,98.42782364584387,85.88332623062426,85.6349963507251,27.625547975490694,27.812068061022437,51.36563233856578,50.805488003433105,0.0025666666666666667,0.00447255598094379,0.008683410062479524,0.010459552812937355,0.04933333333333333,0.05201057253156268
2016-07-01,75.62539787478003,75.81141957827704,51.22565171565986,51.11875041042063,13.055751743938165,13.403623299997628,98.78248464449118,98.55183853459945,86.15844393710083,86.01576965519662,27.71918788999195,27.84577225896096,51.89643415232571,51.28348330443966,0.0029666666666666665,0.005151647207928751,0.009542356377799432,0.010741641903011339,0.048999999999999995,0.050867814101780554
2016-10-01,75.84214711366448,76.08326793058488,51.339092316159366,51.29112969523822,13.353070103850149,13.487340313008112,98.60647952206214,98.6539741934375,86.42136404750707,86.4097741056866,27.80121167704631,27.88217920384737,52.29437821107055,51.774282163965076,0.0043,0.005840260546091911,0.014945122576674574,0.011108924911924535,0.04766666666666666,0.04988508689253595
2017-01-01,76.29741509211681,76.35538377913825,51.83019910444749,51.46316639917104,13.30885866439758,13.567009735414254,99.07696187120607,98.73330435881195,87.0796176524979,86.81568911771167,27.807749537999875,27.921448350226687,52.855384431373814,52.28057804332358,0.0059,0.006526981415071079,0.020361295084992515,0.01155325129750318,0.04566666666666666,0.049066632441662955
2017-04-01,76.56657442341279,76.62712775600642,51.94888743495607,51.63427566694603,13.522065293611007,13.642912485940005,99.57025011276195,98.78888570432882,87.42751329338056,87.23217888926075,27.77711745563212,27.963690015807316,53.282869532367776,52.80549948380018,0.0089,0.0071994325716627575,0.01596422058538871,0.012068868141113989,0.04366666666666667,0.048415305774354454
2017-07-01,76.99326925904204,76.8978149602158,52.09777164661322,51.80409510651467,13.68470612689094,13.71517609695957,99.43911869824154,98.82000422351977,87.79554508833156,87.6580496908412,27.91478006592771,28.00894461124694,53.44677479519741,53.352666820885396,0.010366666666666668,0.007844844909279029,0.016041260558804504,0.012655527551490846,0.04333333333333333,0.04793183693719399
2017-10-01,77.68343880392909,77.16671288032603,52.5385440384852,51.97245513425697,13.858064460212438,13.783858572034754,100.0,98.8264495193906,88.19241906930885,88.09220837884531,28.01796210963341,28.05713630029215,53.53841393894652,53.926157959813665,0.012066666666666668,0.00845151217597469,0.01747400123298326,0.01331541623264532,0.04166666666666667,0.04761398807732278
2018-01-01,78.0118349639734,77.43313915828423,52.74740629377812,52.13936849958038,13.990305948430525,13.84900390787678,100.12616226701851,98.80841522604452,88.47760348544037,88.53362715504298,28.081605927624672,28.10813040847213,53.408715904550775,54.5302942184449,0.015599999999999998,0.009009304258402904,0.018648768136328764,0.014052836971718552,0.04033333333333333,0.0474566472771297
2018-04-01,78.26773264576326,77.69672666139988,52.82759505000047,52.30520259916344,13.929088156560725,13.91070745057454,100.29074988290887,98.76684182675562,88.95120024303615,88.98132079404472,28.091122145298723,28.16176745319858,53.41795910371391,55.16935450750992,0.0184,0.009510350514773523,0.021940555934378825,0.014874691671476897,0.03933333333333334,0.04745098554312194
2018-07-01,78.56976830119496,77.95746675735083,52.89503403030972,52.47071000931303,14.312251402109213,13.969158439833505,100.56858963880583,98.70350279298113,89.36210016106827,89.43424848431795,28.103492936302136,28.21787075096086,53.55838846990571,55.847110721266304,0.020399999999999995,0.009950899488134893,0.021763459770574478,0.015790754691664598,0.03766666666666667,0.04758372181059184
2018-10-01,78.48705665657575,78.2157094122137,52.90236479299425,52.636979925949866,14.265794263147738,14.02456405650826,100.68023557307713,98.62112608044518,89.84565504232658,89.89132878570426,28.00073045434135,28.276218388893884,53.5582450503181,56.566401270942244,0.02316666666666667,0.010332755752463632,0.0195279907823116,0.016815216557190208,0.03833333333333334,0.04783650148220063
2019-01-01,79.00915393250261,78.47219362791598,52.96695897739597,52.80538122251495,14.414179118633182,14.077351015711315,100.72254865807466,98.52359548906576,90.63382833403321,90.35141211075968,28.093282025194878,28.336515145408693,54.17219414445427,57.32873434707287,0.023866666666666668,0.010664254569556275,0.014766226080094702,0.017966000733636602,0.03866666666666667,0.04818477180114461
2019-04-01,79.5185040441581,78.72783901652285,53.31073280472394,52.97746687723278,14.482924267824279,14.128105241315472,100.61787688837613,98.41605898255419,91.15641525048181,90.81329606788132,28.23662991153386,28.39828984749872,54.46544956802197,58.13373394646946,0.023000000000000003,0.010961752395530731,0.014816704607896858,0.019262726170477362,0.036333333333333336,0.048598040530527034
2019-07-01,80.24329101889475,78.98391410963767,53.69848664964228,53.154911916532164,14.57091069231011,14.177632121642267,100.89378144571668,98.30500278306313,91.64563810604182,91.2759314406316,28.390090922635252,28.46091405911633,55.19049533983335,58.97892728990745,0.019799999999999998,0.011249857194065602,0.013886987306120036,0.020723011958027608,0.036333333333333336,0.04903986661774211
2019-10-01,80.57603603724566,79.24219897489321,53.96152638397098,53.339623694478796,14.293247053902151,14.226969685406093,100.52163579993858,98.19824316240519,92.13493556186151,91.73846382083684,28.52316508977617,28.523652086450838,56.04598369151288,59.8592593243395,0.01576666666666667,0.011560700833592279,0.014009859511700862,0.022361698423125853,0.036000000000000004,0.04946614356818582
2020-01-01,79.59650436694052,79.50528306532836,53.072085713456744,53.53387823953707,13.962827925045222,14.27741482201843,99.05206352276336,98.1051567416801,92.8842610810576,92.20025464298176,28.36690782518849,28.58571723004267,57.234838793652855,60.766838158123186,0.0111,0.01193175902179586,0.014959611963801356,0.02418935337720317,0.038000000000000006,0.0498248233039514
2020-04-01,73.19725866067128,79.7766228034324,48.40675328128238,53.74037733810605,11.962139243221428,14.330324595307474,85.32474682971811,98.03652132025206,93.23829284038469,92.66090269831493,28.70430871141952,28.64631568243911,64.91558603189576,61.69073117498529,0.0014333333333333333,0.012403136195007118,0.005221326216859223,0.026211324732370988,0.12966666666666668,0.05005544140740195
2020-07-01,78.72231206483437,80.05978043894567,52.57032727880993,53.96157792033906,14.150567277038478,14.38687655444012,92.33264593154732,98.00368684257614,93.04947370178029,93.12042958590797,29.347835524233588,28.70450927482679,66.92380570776122,62.61697236999732,0.0011333333333333334,0.013014416940168198,0.011044234812971343,0.028427191812357346,0.08833333333333333,0.0500901429463356
2020-10-01,79.37822432897934,80.35404908067729,53.07625596039425,54.19644518317634,14.561063453666234,14.44663760223397,94.19226884781749,98.00951286179617,93.40858639218193,93.57922136933678,29.17192731239464,28.75938914272394,68.22873329395988,63.53277195471826,0.0009333333333333333,0.013798329717432698,0.012134896233666481,0.030823415191818096,0.06766666666666667,0.04991083000433751
2021-01-01,80.44727183057633,80.65786529033889,54.16863808093092,54.443045531590506,14.348920695516165,14.5090189672779,95.38313280695071,98.053250177684,94.1022602916216,94.03762757064875,29.2485144924536,28.81043967401442,69.76607953622417,64.42729729674721,0.0005,0.014780177309699945,0.020705638982531527,0.03337559109728447,0.062,0.049523306658984724
2021-04-01,81.57781429308888,80.9690258189894,55.86537507997267,54.698701791940714,14.055889019740055,14.573494624794458,96.76701605193071,98.13175628446163,94.55818861987038,94.49589728683432,29.33348267310355,28.85740002206535,71.27791022592719,65.29208331195302,0.0002666666666666667,0.0159772218771292,0.04084184605913688,0.036047635430938835,0.059333333333333335,0.0489444743857682
2021-07-01,82.1168477851309,81.28516164587873,56.12000758004367,54.960515891121645,14.565282598768169,14.639428232961984,98.01058071383146,98.24022260330625,94.88768916248945,94.95432565641057,29.24761319106881,28.90028203527067,71.76510836542849,66.12160483219407,0.00046666666666666666,0.017397800469061156,0.046613686449975544,0.03879554537489185,0.051333333333333335,0.04819903259351707
2021-10-01,83.38012128640212,81.60424900609104,56.53975149345221,55.2262636229441,15.53674498167961,14.705839729849155,99.27558832839168,98.37298854859232,95.32960623955188,95.41325317070587,29.403174979805826,28.939395451415354,72.12741818278249,66.91385395432073,0.0005333333333333334,0.019040431037829975,0.05858006701916585,0.041578314492896784,0.042,0.047318173727902674
2022-01-01,82.55603029197349,81.92475343292651,56.17383915578614,55.4944018034476,15.722660265683606,14.77168432773929,99.71063474344989,98.52423953631073,95.67490383301177,95.87298507993272,28.993227803855234,28.975269692019268,71.278308939951,67.67032844716465,0.003066666666666667,0.020893049577143337,0.06579218975773604,0.04435982268687883,0.038000000000000006,0.046335049172558714
2022-04-01,82.32444197323318,82.24622282027035,56.125677339679335,55.764176203092454,15.273073710448077,14.836408243456628,100.20518715662863,98.68870101227473,96.39530102166792,96.33377986863621,28.74350013857193,29.008726347748073,69.83730623609075,68.39592934186861,0.010766666666666667,0.022932025144643597,0.06810032529942323,0.0471145759540921,0.036000000000000004,0.04527948645253897
2022-07-01,82.71209517525496,82.5685940187743,56.269153176745284,56.035243886601265,15.033226728750044,14.900029397725032,100.61804597237771,98.86180932144568,96.93350722951912,96.79577595941694,28.74569856842171,29.040602868785133,68.82291293727356,69.09811559740314,0.026633333333333335,0.02512258530865407,0.06563055466934054,0.049830475521209984,0.035666666666666666,0.04417610368716434
2022-10-01,83.07639570786975,82.89185210950797,56.36398797569695,56.30748251588721,15.087918115124635,14.962837819746795,100.74308535874623,99.03991561937946,97.38706054637562,97.25915327885757,28.801913122245264,29.07157390386593,67.30926213444107,69.78563573621304,0.0404,0.027422354288449316,0.05904191401976444,0.052508538708246705,0.036000000000000004,0.043043719316722906
2023-01-01,83.09293478665836,83.21607223292932,56.61574905576297,56.5809145953631,14.64491538517949,15.025212424005097,100.84392907031376,99.22043771212036,97.50536420743634,97.72418205654802,28.77668865432992,29.10213149142168,65.28153359376282,70.46745500345591,0.04626666666666667,0.029789900520819312,0.0503477418786864,0.05515965788468412,0.035,0.04189583338336495
2023-04-01,83.35972636553723,83.54144679989206,56.73438652892424,56.855598636827146,14.724291085852308,15.08761718578288,100.27804619941705,99.40183407771791,97.8462707373313,98.19121832143271,28.939499277084593,29.132600108508953,64.11382641724576,71.15130418360532,0.05073333333333333,0.03219190347112375,0.038649558303122555,0.05779880877957375,0.035666666666666666,0.04074154360466781
