Year,Argentina - ARG,Australia - AUS,Austria - AUT,Belgium - BEL,Burkina Faso - BFA,Bangladesh - BGD,Bolivia (Plurinational State of) - BOL,Brazil - BRA,Barbados - BRB,Botswana - BWA,Canada - CAN,Switzerland - CHE,Chile - CHL,China - CHN,CÃ´te d'Ivoire - CIV,Cameroon - CMR,D.R. of the Congo - COD,Congo - COG,Colombia - COL,Costa Rica - CRI,Cyprus - CYP,Germany - DEU,Denmark - DNK,Dominican Republic - DOM,Algeria - DZA,Ecuador - ECU,Egypt - EGY,Spain - ESP,Ethiopia - ETH,Finland - FIN,France - FRA,Gabon - GAB,United Kingdom - GBR,Ghana - GHA,Greece - GRC,Guatemala - GTM,"China, Hong Kong SAR - HKG",Indonesia - IDN,India - IND,Ireland - IRL,Iran (Islamic Republic of) - IRN,Iceland - ISL,Israel - ISR,Italy - ITA,Jamaica - JAM,Jordan - JOR,Japan - JPN,Kenya - KEN,Republic of Korea - KOR,Sri Lanka - LKA,Luxembourg - LUX,Morocco - MAR,Madagascar - MDG,Mexico - MEX,Mali - MLI,Malta - MLT,Mozambique - MOZ,Mauritius - MUS,Malawi - MWI,Malaysia - MYS,Namibia - NAM,Niger - NER,Nigeria - NGA,Netherlands - NLD,Norway - NOR,New Zealand - NZL,Pakistan - PAK,Peru - PER,Philippines - PHL,Portugal - PRT,Paraguay - PRY,Romania - ROU,Rwanda - RWA,Senegal - SEN,Singapore - SGP,Sweden - SWE,Syrian Arab Republic - SYR,Chad - TCD,Thailand - THA,Trinidad and Tobago - TTO,Tunisia - TUN,Turkey - TUR,Taiwan - TWN,U.R. of Tanzania: Mainland - TZA,Uganda - UGA,Uruguay - URY,United States - USA,Venezuela (Bolivarian Republic of) - VEN,South Africa - ZAF,Zambia - ZMB,Zimbabwe - ZWE
1960,8634.22,39808.36,21058.06,27712.75,1860.68,4558.54,4486.4,7376.07,28038.18,1590.3,41685.65,44675.73,17648.76,2207.09,4787.66,3395.75,7854.82,6004.62,15138.34,18946.08,17909.7,21812.14,29450.78,14273.43,62675.53,14992.43,3138.17,15797.88,1355.29,20004.26,25737.87,10912.43,28785.59,12691.5,12464.17,7444.51,16205.08,4600.82,2907.18,17164.84,14916.98,31747.83,24178.7,18133.37,15668.38,14541.65,10809.85,3987.2,4585.36,9462.86,43559.24,5800.01,3306.51,27992.18,2326.2,3214.93,2111.93,16464.29,2281.8,8142.18,14976.49,4490.14,5206.55,31908.28,29150.42,33653.21,4232.51,9086.53,6419.86,12552.63,6636.89,2793.06,2196.62,11938.49,9363.0,27565.8,8509.34,3578.93,2756.18,35120.81,6412.48,13714.24,8098.14,2704.26,2313.96,19900.42,49637.38,26099.23,15985.38,5649.74,5437.27
1961,8802.0,40867.61,22094.8,28995.07,1761.14,4474.54,4571.16,8205.97,29110.54,1707.88,43303.97,46371.43,16797.28,1939.83,4882.71,3461.31,6511.95,5503.34,15703.52,18054.2,19917.97,22469.31,30865.94,13419.06,54476.05,15378.36,3418.34,17362.08,1385.54,21590.53,27014.72,11698.73,29185.7,12097.79,14127.2,7658.36,16339.52,4983.07,2978.97,18039.26,15676.39,32649.2,25957.84,19526.49,16356.44,16524.19,11827.55,3853.35,4726.73,9152.14,42996.13,8283.12,3395.48,28011.79,2279.86,3174.36,2110.76,17854.41,2290.46,8653.62,14536.97,4706.28,5329.32,32176.29,30385.98,34978.51,4322.13,9565.83,6221.59,13228.72,6886.34,3070.25,2101.16,11681.58,10580.92,29105.44,8812.48,3691.83,2857.04,39877.45,6555.57,13817.04,8518.16,2646.24,2416.69,19963.45,50873.12,26221.19,16555.47,5681.21,5601.54
1962,8852.03,42092.8,22825.86,30097.57,1891.13,4687.49,4678.47,8621.57,30089.43,1831.1,44957.78,46825.1,20674.42,2137.5,4975.83,3448.85,7816.61,6963.99,16035.46,18674.78,23416.1,23230.4,31859.39,14169.42,31601.63,15646.81,3536.25,18932.85,1408.4,22123.09,28875.34,12987.51,29350.48,12084.96,14033.35,7737.9,17151.61,4789.29,3074.59,18316.82,16749.03,33372.17,26880.38,20684.97,16542.76,16112.36,12796.69,4049.99,4590.88,9567.44,42052.52,8182.61,3490.78,28310.32,2234.01,4463.64,2253.9,18864.75,2288.71,9017.68,16071.97,5106.24,5481.62,32937.47,30783.35,35177.46,4508.35,10235.89,6424.36,14201.77,6730.19,3360.66,2321.83,11485.69,11932.54,30100.42,11267.42,4167.1,2941.07,39116.59,6562.9,14722.11,8833.25,2861.13,2431.93,19988.61,53142.26,27393.72,17272.56,5403.36,5419.65
1963,8438.36,43831.8,23932.27,31060.26,1840.12,4923.36,4918.68,8997.84,29539.33,1907.81,46316.13,48237.25,21119.4,2391.63,5448.11,3633.12,7326.02,7567.36,16097.54,19223.52,23384.88,23731.09,31987.37,13166.93,36296.72,15621.93,3714.06,20605.02,1414.31,22263.05,30480.45,15518.21,30452.58,12716.3,16068.89,8056.74,18550.99,4288.08,3252.48,19058.07,16785.89,36681.11,28660.54,22001.0,17599.97,16488.25,13738.44,4038.44,4935.18,9043.02,42632.19,9224.72,3428.04,30087.24,2153.67,776.05,2256.38,19130.85,2278.96,9372.52,16612.15,5445.48,5530.32,32713.83,31708.2,36657.71,4713.44,10628.52,6546.62,15070.44,6911.98,3630.35,2040.93,11341.43,13181.13,31518.2,9597.74,3698.45,3063.9,41685.76,7130.66,15911.29,9370.17,3022.07,2441.56,19411.46,54740.24,28626.02,18607.09,5536.16,5405.73
1964,8748.63,44413.26,25117.56,32722.32,1917.46,4837.82,5152.93,9174.84,29275.03,2023.58,47911.0,50317.73,21488.28,2649.2,6101.13,3729.58,6523.93,7902.11,17008.27,19652.47,19826.22,25467.31,33900.83,13051.4,37685.79,16509.1,4147.55,21555.95,1467.09,22979.61,32159.41,17149.03,31910.37,13827.48,17455.69,8176.92,19581.55,4040.97,3457.6,19542.92,17785.49,38383.62,30026.63,22698.67,18253.5,18155.8,15088.6,4295.98,5284.04,9400.89,45322.54,10308.93,3423.29,33210.46,1707.13,3379.66,2307.29,21490.99,2226.67,9946.28,18218.54,5284.73,5290.0,35795.98,33562.65,37226.15,4964.69,11140.55,6354.01,15713.27,6967.12,3851.26,1794.0,11309.96,13145.3,33328.88,11774.99,3670.22,3238.49,43703.66,7234.3,16225.69,10439.44,3427.76,2597.44,19983.55,56738.3,30918.39,19602.29,6161.69,5129.21
1965,9707.79,43685.85,26087.29,33749.33,1910.37,4723.95,5408.97,9516.76,30490.41,1886.64,48825.86,51847.22,20415.44,2878.73,5604.95,3901.21,7298.21,7681.36,16600.01,21022.15,25186.65,26653.06,34746.16,11727.17,40501.66,16688.64,4232.31,22604.87,1534.99,24126.76,33566.21,18985.0,32420.67,13492.49,19482.66,8277.0,21536.8,4715.2,3372.79,19863.88,19661.0,40150.21,29020.07,23921.96,18561.0,19537.1,15771.39,4408.01,5278.01,9137.39,45639.57,9990.05,3324.56,33989.37,1824.24,7471.92,2290.12,19948.95,2525.47,10363.24,18358.94,5391.24,5683.91,37012.67,35111.48,38390.92,5326.26,11662.81,6812.68,16858.87,7215.53,4225.16,1867.95,11155.03,13774.89,34172.95,11513.33,3767.12,3525.98,40499.88,7427.99,16454.56,11800.21,3390.5,2545.83,19793.69,59018.67,31052.18,20435.6,7250.88,5502.37
1966,9800.09,45077.81,27635.04,34545.32,1927.32,4715.87,5757.97,9732.06,32073.27,2036.58,50360.7,53288.51,22475.23,2876.1,6026.59,4035.12,7615.41,6971.95,16928.69,21480.95,26082.18,27457.1,35067.43,11595.71,35702.73,16792.79,4168.36,24085.77,1551.47,24821.89,35114.77,17421.27,32919.42,13294.34,21201.09,8535.2,22150.92,3872.06,3338.88,20251.07,20339.28,41896.15,31176.35,25684.02,18593.02,19598.78,17038.58,4720.59,5843.57,9700.59,46158.35,10357.55,3423.67,34986.05,1789.08,8461.5,2270.31,20184.12,2847.17,10752.52,18746.59,5223.48,5594.32,37378.67,36213.42,39430.14,5754.55,12321.84,6673.61,17363.24,7051.99,4445.46,1977.92,11479.32,15190.47,34723.75,10112.56,3542.21,4026.38,43186.23,7609.74,18741.13,12412.54,3556.01,2611.82,20410.84,60960.94,30458.26,21173.77,7379.36,5237.56
1967,10009.71,45699.03,28956.83,36022.99,2116.76,4499.47,6137.95,10296.99,35203.69,2378.34,50903.49,54787.6,23388.76,2831.36,6074.77,3641.09,6791.36,6942.68,16985.7,21721.61,28711.76,27789.89,36960.07,11510.73,39572.62,17659.82,4419.6,25113.97,1537.37,26047.11,36766.9,18867.89,34180.9,11970.47,22548.72,8646.97,22128.73,4076.08,3562.62,21579.64,23844.23,40642.89,30666.73,27199.47,18478.2,19477.14,18446.97,4775.12,5950.58,9600.95,48566.56,10031.55,3518.4,35779.64,1817.97,9139.97,2486.74,21608.75,2909.99,10781.38,18126.27,5215.69,5002.07,39533.14,38258.97,36564.24,5739.67,12707.15,6503.62,18799.82,7414.21,4937.34,2060.1,11113.28,16927.52,36446.0,11150.48,3361.34,4040.5,44273.43,7521.03,19224.94,13378.66,3667.61,2484.67,19642.25,61053.34,30728.95,22482.78,8497.85,5154.81
1968,10177.64,47991.07,30613.21,37597.94,2168.33,4589.46,5353.47,11077.61,36323.25,2588.53,53560.78,56465.12,23567.7,2632.14,6614.68,3744.67,7128.0,7659.89,17471.85,22307.31,29384.37,29309.99,38774.19,10848.46,43845.87,18081.29,4741.77,26667.13,1569.28,27824.2,38445.25,19083.9,35793.88,11914.06,24336.13,9084.28,22668.69,4174.98,3687.76,23177.7,24976.91,37105.15,31380.17,28980.66,18477.43,17780.33,20431.49,4627.27,6328.09,10237.16,51336.37,9220.29,3735.38,37657.56,1931.94,10248.96,2555.21,17454.35,2922.6,11010.86,18144.49,5203.43,4951.46,41672.0,39655.98,36495.65,5910.79,12448.26,6956.33,21486.3,7447.46,5277.53,2163.17,11048.79,18291.41,37331.08,11404.33,3283.4,4233.9,47919.04,8039.07,20511.6,14232.86,3773.65,2530.6,19812.58,62685.62,33386.83,22946.35,8897.89,4637.85
1969,11038.61,50255.61,32204.72,39246.09,2210.79,4732.01,5467.92,10973.02,41871.3,2391.13,54642.8,58707.23,24824.24,2758.0,6941.26,3951.63,7735.18,8259.02,18034.22,22765.32,33086.79,31205.97,40475.24,11297.27,47520.45,18156.53,4997.42,28878.35,1627.99,30159.63,40570.63,20226.41,36472.82,12290.01,27182.7,9390.7,24590.59,4227.7,4042.76,24240.37,26539.45,38638.9,35048.97,30970.92,19154.8,17366.43,22747.76,4805.79,7029.31,10735.45,57690.34,10965.18,3801.62,38076.9,1944.04,10698.71,2652.55,17553.55,3059.77,11135.37,18806.3,4709.5,5831.83,42552.95,40872.62,40148.43,6245.67,12813.7,7497.45,22272.75,7641.66,5638.98,2329.54,9705.44,20761.26,38381.21,13313.25,3292.18,4574.11,50328.44,8266.28,21458.35,15045.5,3812.32,2684.18,21002.26,63176.34,34448.31,24379.62,8453.37,5681.13
1970,11223.56,50321.34,34170.64,41502.6,2123.74,4980.91,5276.79,12172.42,46251.3,2637.39,56261.14,61710.04,24777.54,2963.46,7364.55,4031.64,7778.74,9098.2,18787.89,23864.86,33844.82,32546.02,40457.17,12498.29,53836.54,19069.88,5554.85,29752.19,1588.95,31797.26,42465.49,23427.51,37581.65,13073.77,29732.82,9727.14,26164.58,4453.74,4075.74,24912.33,29755.72,39971.54,38655.82,34986.38,21877.59,15302.83,24838.17,4349.68,7370.88,10895.67,56697.15,10173.91,3946.37,39316.57,2025.07,11790.3,2526.1,21155.05,3110.17,11803.67,19699.99,4862.6,7475.98,44495.46,32592.29,38303.03,6650.33,12977.81,7904.64,23180.09,8038.39,5999.59,2456.52,10300.13,23084.99,40205.25,13132.09,3538.13,6031.76,49499.53,10640.23,22114.32,16456.23,3959.53,3223.03,22368.88,62941.73,37936.24,25375.41,7195.06,6762.66
1971,11450.04,51222.81,35614.43,42856.14,1952.73,4973.64,5481.62,12907.44,47583.94,3258.9,57990.69,63331.15,27042.33,3121.46,7559.0,4010.66,7555.3,9767.15,20135.6,24068.16,36262.35,33595.85,41674.56,13026.39,50072.72,19505.89,5597.22,30883.55,1611.76,32570.6,44867.99,24043.73,38587.93,12857.32,31919.9,9738.41,27570.18,4674.58,4119.8,25408.09,30673.56,45521.6,41600.61,35838.09,22734.51,14623.97,26115.79,4536.95,8403.67,10525.58,53105.75,10334.79,4013.55,38961.79,2070.46,12566.61,2598.6,20601.78,3404.26,13967.5,20567.81,4890.95,8250.6,46504.95,34847.82,39110.66,6758.01,13200.51,7621.99,24211.36,8252.77,6770.08,2379.94,9861.43,24525.0,40823.86,13976.74,3543.49,6171.58,46417.7,11247.15,22365.61,18065.23,4026.69,3159.23,22427.55,65024.77,35610.85,25359.46,6818.14,7132.01
1972,11537.72,52200.51,37525.02,45600.25,2394.41,4796.45,5460.38,13709.56,48194.38,3837.61,59072.61,64547.29,26055.82,2948.01,7589.34,4135.93,7129.53,9446.95,21426.26,24673.13,37181.41,35197.0,42561.95,15137.16,56571.88,18934.83,5880.05,32991.81,1639.7,34491.34,46997.02,23513.47,39738.05,10689.28,34938.36,10021.61,29423.45,5139.23,4132.83,27745.06,35277.57,43819.09,43797.58,37730.2,25068.07,15179.56,28325.79,4881.72,9080.29,10596.23,55747.75,10335.33,3830.43,40071.32,1789.97,13771.96,2607.67,20345.44,3644.33,14598.29,20797.89,4614.92,8715.12,48608.64,38127.07,40790.09,6424.39,13009.7,8062.79,25939.79,8557.51,7497.22,2435.55,9745.12,24768.24,41702.24,16932.36,3145.16,6271.4,53444.18,12450.56,23738.59,19703.39,4121.25,3446.88,21757.27,66756.22,35638.4,25969.13,7364.45,7731.53
1973,12075.78,53156.61,38935.29,48364.89,2228.61,4117.65,5775.78,13873.48,46542.09,4538.84,60261.14,65773.24,25080.85,3141.9,7704.07,4221.9,7691.14,10659.98,22999.82,25350.72,36002.65,36911.29,43673.61,16052.62,60840.6,20204.23,5576.44,34545.82,1632.07,36216.9,49732.89,26897.94,41838.22,11002.72,37026.47,10184.14,32158.79,5479.64,4249.42,28945.56,34853.41,47665.51,45430.55,40478.4,25019.13,14276.66,29918.49,4885.8,10512.47,11029.65,61129.06,10812.77,3619.03,41198.66,1816.44,14970.8,2608.8,21022.97,3451.73,15962.19,21447.45,3859.41,10183.93,51880.31,39026.36,43148.38,6563.47,13589.42,7954.06,28621.18,8755.39,8263.44,2479.28,9000.79,27039.04,43326.45,14974.69,2917.99,6649.98,52942.04,12317.17,24441.35,20904.4,4302.39,3518.01,22251.3,68660.99,37985.74,29145.49,7220.88,7815.39
1974,12203.25,50380.22,39741.9,49853.61,2379.03,4127.94,6053.71,14727.78,41853.25,4918.13,58849.74,66620.02,24565.51,3105.49,7987.74,4184.69,7951.28,12540.81,24059.05,25240.13,33355.89,37807.1,43356.76,15418.05,73207.34,23223.21,5686.45,35975.93,1615.77,37422.36,51611.34,34757.41,40355.14,11769.3,34544.57,10221.66,31743.78,5800.22,4101.63,29262.42,39552.54,49512.16,47405.32,42735.19,23168.9,14399.14,29848.31,5188.88,11993.69,11419.06,63713.51,11054.03,3535.56,41568.9,1778.18,16694.34,2639.75,20567.72,3549.69,17135.95,22784.74,4169.12,11089.46,54677.73,41784.33,43204.94,6711.98,14199.16,8496.17,27154.5,9025.13,9192.84,2474.49,9474.41,30052.49,43444.56,18133.97,3303.39,6738.01,51803.9,13324.98,27126.75,21499.15,4320.25,3287.83,22648.16,66797.5,44653.4,30663.04,6976.73,8291.65
1975,11969.18,51607.35,40131.97,50147.61,2319.7,3874.02,6256.22,14963.59,49560.33,5225.43,59074.43,62691.84,21655.78,3152.93,8008.48,4259.45,6311.95,11616.5,24158.79,24790.64,27178.57,38400.15,43174.67,15590.74,73680.61,24472.33,6006.32,36798.81,1625.49,36549.08,51768.41,37875.14,39720.32,10025.12,36480.44,10096.19,30766.76,6051.89,4366.74,30922.02,37394.65,48871.17,48193.69,42225.15,22210.66,13124.66,31328.52,5091.88,13510.45,10942.44,54525.29,11085.0,3459.63,41353.06,1916.97,20402.28,2576.26,20377.06,3596.65,16099.15,23076.39,3707.22,10801.85,55458.47,45967.41,41333.56,6878.42,14554.18,8826.41,25087.96,9173.8,10054.2,2420.68,9151.24,31722.97,43468.51,20866.96,3735.77,6895.82,53392.75,15274.09,28791.45,21427.78,4515.44,3449.49,23475.02,67321.35,42060.59,30513.39,7525.7,7824.54
1976,11977.4,53138.96,40928.24,53684.31,2318.55,4257.24,6390.49,15818.6,36674.19,5756.99,61707.77,63148.9,22218.39,2947.08,8624.32,3988.35,5591.12,11848.34,24951.19,25655.75,34138.07,40394.09,44776.59,17179.44,70828.42,25404.86,6007.21,38962.12,1641.09,36842.97,53783.88,44988.04,41934.59,9000.78,38411.17,10232.64,33823.51,6439.43,4192.54,32567.63,38462.2,47269.37,47397.57,46000.43,20876.63,14894.28,33146.87,5003.67,13873.14,10008.13,58064.09,10719.03,3409.85,41926.69,2098.31,24559.94,2606.94,26221.42,3547.66,17378.8,23226.86,3909.96,10907.45,57896.61,49968.84,42122.24,7043.1,14277.87,9594.27,26464.91,9563.04,11483.19,2724.53,9383.67,34155.2,43659.72,17638.24,3459.23,7313.03,55968.11,15526.49,31537.73,24114.61,4753.75,3562.54,23660.15,69009.22,45191.91,30357.78,7710.51,7593.68
1977,12450.1,53636.97,42177.65,54683.95,2540.83,4431.45,6591.77,14750.18,37373.02,6362.99,62484.43,64128.13,23209.66,3081.73,8872.16,4361.73,5719.69,12030.89,24987.2,27184.35,38704.37,41783.65,46013.18,16454.49,80101.05,25596.72,6202.18,41026.62,1616.5,37751.05,55514.57,42510.35,43876.06,9606.2,38884.56,10702.62,35918.68,6890.4,4045.64,34617.01,44702.66,53096.97,45899.12,48236.76,19553.89,14754.4,34981.03,5424.18,14688.77,9574.73,58439.64,10990.31,3378.77,41841.5,2147.07,26864.72,2460.98,26523.31,3495.14,18206.8,22946.11,4268.67,11711.47,58817.04,50180.7,40387.64,7048.05,13782.88,9857.44,27520.81,10397.3,12382.03,2741.57,9056.51,35560.66,42644.76,12572.12,3221.97,7903.98,56000.17,15842.67,30041.11,24864.29,4458.04,3636.15,23314.83,69888.99,46250.78,29514.9,6624.4,6615.7
1978,12161.06,55973.58,41838.57,56724.93,2766.83,4423.52,6430.2,14862.17,35546.17,6961.27,63069.94,64960.7,24794.5,3464.63,9366.71,5235.54,5506.97,11191.32,26131.88,27625.5,41326.22,42894.86,46942.86,16044.25,75237.08,26153.6,6356.6,43469.15,1609.42,39622.49,57762.47,44775.52,46606.58,9268.91,41417.69,10824.62,37530.42,7159.41,3848.5,37407.32,28334.7,54013.21,45813.19,50899.17,18112.14,18516.71,37255.71,5697.28,15376.89,9515.69,61853.86,10731.92,3235.77,43651.6,2100.26,30750.23,2393.29,26340.87,3485.52,18792.88,23384.98,4402.88,12275.71,59539.19,53413.16,37710.06,7304.8,13114.83,9338.21,28008.91,11126.59,13338.7,2764.82,8503.31,38885.41,43531.9,11436.01,3267.18,8213.03,59664.33,16303.97,28668.33,27300.68,4401.28,3526.64,24378.94,71003.2,43061.96,30592.38,6134.69,7097.54
1979,12718.35,57033.41,43345.85,57948.68,2781.2,4557.21,6437.01,16176.0,33503.38,7547.3,62793.9,66896.34,26298.4,3537.46,9167.15,5288.5,6160.11,12335.86,26297.95,28107.84,45436.15,44318.0,48299.43,16131.06,73618.34,26370.87,6252.27,44969.38,1595.37,41817.3,59814.86,44425.97,48810.57,8817.44,41804.54,11085.53,40979.96,7502.81,3477.02,37555.41,25241.36,56122.7,46949.7,54900.63,16881.21,20869.88,39333.76,5484.36,15948.61,8662.0,63714.56,11090.25,3385.76,45537.89,2361.3,33456.14,2376.07,24077.94,3323.21,19715.94,24215.15,4802.88,12786.72,59669.91,56026.63,37313.76,7294.28,13096.71,9473.02,28800.1,11513.76,14555.4,3013.21,8698.02,42089.46,44202.83,9888.81,2541.57,8836.86,60355.34,16964.92,27728.49,28998.36,4387.25,2946.85,26408.03,71494.12,44340.61,31585.09,5828.1,7221.48
1980,12750.1,57383.6,43513.14,62077.42,2759.47,4410.54,6268.04,16377.36,32506.34,8137.7,62081.97,69021.81,26385.98,3463.0,7850.39,5670.62,6232.87,12035.65,26975.08,27594.46,46381.9,44573.6,48841.77,15156.72,70842.02,26642.76,6258.79,47689.2,1631.28,43109.14,60804.22,44879.94,49788.29,8615.9,41917.41,11225.92,42083.53,7834.65,3460.43,39509.16,16791.12,57795.48,47851.39,57768.55,14723.08,24200.7,41311.24,5591.12,15002.96,8629.95,64222.39,10485.7,3350.87,47290.2,2247.71,33780.43,2252.75,23529.73,3048.13,20891.69,25124.24,4593.07,13051.54,61196.42,58232.16,37367.64,7595.64,13826.7,10306.03,29149.24,12518.78,14971.17,2955.92,8021.84,44952.56,44009.28,9470.18,2310.4,8715.13,65733.57,18271.08,27008.25,30715.81,4074.82,2722.51,27950.74,70915.81,38926.13,34644.98,5365.16,7364.73
1981,12828.82,59236.74,43681.05,60282.63,2888.19,4376.77,6307.3,16292.32,32036.15,8873.91,62490.47,67749.55,27175.84,3350.25,7949.74,6174.23,5846.15,9544.12,25945.97,27304.79,45490.1,43736.81,47846.23,16737.72,75255.77,26657.82,7075.15,46436.82,1758.33,43119.29,59688.26,41846.97,50120.83,7896.91,39890.13,11206.1,41993.7,7963.23,3336.46,40325.05,14451.8,57814.31,49542.27,56788.2,13936.27,23192.67,40951.24,5552.51,15609.94,9187.79,61611.72,10215.45,3170.47,49383.81,2524.34,37876.43,2368.96,23963.56,3080.7,21116.37,24952.91,4265.71,11778.13,59835.43,57992.47,39219.08,7825.83,14400.25,10185.55,28770.92,13546.49,14716.29,3276.1,7880.11,41934.68,44640.62,8984.81,2050.28,8983.13,68451.63,18819.2,29975.84,32051.6,3525.27,2818.36,27797.68,71932.08,37613.79,35510.64,5874.84,8641.17
1982,13256.03,57994.77,44557.53,59091.32,2815.07,4242.1,6196.0,15817.4,33540.02,9236.13,63128.68,67212.24,25520.42,3421.23,7897.79,6755.49,5851.75,9928.57,25616.31,24872.99,47948.07,43089.84,48383.19,16501.77,73947.94,25557.29,7034.8,45312.72,1853.92,43325.22,59440.75,39091.08,51142.38,6754.57,38965.11,11260.99,42859.79,7894.93,3171.14,40989.6,17136.96,58371.49,50055.55,55695.81,13914.58,22885.97,40046.8,5577.9,16334.25,8934.62,61822.63,11203.8,3131.4,47223.14,2704.09,41747.56,2269.08,24197.83,3133.05,21743.52,25056.92,4207.8,10141.02,59043.73,57386.26,39296.07,7970.82,14057.75,10751.78,28759.18,13169.77,15348.65,3073.19,8808.95,41789.69,45194.02,8792.04,2162.79,9085.09,68793.22,18662.21,28624.17,32286.75,3466.13,3120.8,24547.58,70825.29,34759.86,35183.13,6011.1,8787.21
1983,13941.04,62379.47,45655.04,58071.0,2580.72,4202.28,6015.34,15311.61,35189.22,10801.9,64734.2,67811.41,23184.61,3592.1,7696.64,7426.07,5902.87,15688.0,25461.93,23933.71,49106.0,43405.6,48777.92,16836.08,74582.41,24160.38,7988.76,44529.88,2074.29,44114.05,58582.5,42283.2,52702.83,6459.18,38244.86,11481.97,44734.87,8123.74,3175.17,40548.23,17319.88,52438.96,50496.27,54852.63,14286.13,22313.95,38827.48,5684.48,18223.54,8921.85,61729.01,11630.98,3204.6,44155.9,2652.14,40027.98,1887.03,24199.46,3219.46,22231.63,23449.82,4013.51,8677.1,59649.11,60218.82,41870.54,8481.54,12399.3,9811.24,26809.0,12660.44,15896.7,3172.33,9021.44,45201.59,46305.86,7832.15,2748.99,8942.66,61375.05,19277.42,29379.71,33350.1,3584.36,3324.8,21589.55,73060.77,34888.53,34631.22,5940.37,9851.06
1984,14521.99,62634.57,45417.35,57902.98,2448.93,4474.71,6012.43,15331.32,37163.55,13166.34,67496.01,67877.5,22939.28,3973.78,7643.8,8083.38,6652.32,17946.78,25733.98,24355.87,53004.06,43584.24,49093.35,18284.01,75201.81,23686.75,8762.23,44802.44,2018.82,45160.81,58274.15,45994.37,52255.45,6489.13,39209.86,11295.0,47055.48,8146.99,3098.95,42279.27,16111.54,56807.0,50595.35,55540.86,13091.29,24637.07,38864.76,5900.96,20098.21,8975.44,60610.03,12330.55,3228.04,43663.88,2495.2,38711.98,2031.56,28718.41,3361.71,23513.61,23084.71,3042.1,8285.28,60249.75,63394.51,43616.58,8711.02,12495.33,8988.9,25860.89,12611.23,16391.23,2917.71,9168.63,49816.02,48182.25,6722.84,2928.1,8909.08,55348.77,19866.6,30434.25,35120.34,3685.27,3177.89,21086.46,75477.43,35477.69,34766.15,6523.43,9035.44
1985,14082.96,62227.04,46246.67,54753.71,2546.74,4524.36,6097.66,15019.36,32837.02,14718.11,66700.48,68134.67,21655.43,4383.43,8222.05,8087.73,6253.82,16431.14,25019.49,23872.16,50159.39,43246.41,48745.56,18144.22,75741.86,23506.82,8948.49,44694.4,2081.86,45302.23,57381.55,41173.67,52525.4,6592.28,39619.86,11040.33,45051.39,7872.08,3069.11,42527.95,14610.17,54067.36,51928.52,55503.54,11607.72,22662.76,39873.86,5814.22,20268.17,9466.57,59794.69,13240.01,3300.44,41792.68,3208.77,37870.07,1268.91,27155.97,3635.62,21513.99,22517.27,3203.14,10595.59,57775.49,62168.0,41625.57,9161.72,12232.92,8442.1,26400.27,12678.38,17067.73,2962.58,9542.58,45832.0,48816.81,7300.71,3135.69,9191.56,53451.27,20131.05,31059.32,34952.49,4080.32,3026.96,20579.68,76611.82,32358.77,33446.98,6795.67,9445.05
1986,15224.39,61288.76,48293.04,58322.19,2723.74,4484.62,6013.09,16700.63,36734.96,15795.89,65864.06,70605.57,21603.74,4413.08,8348.03,7567.33,5771.28,10106.55,25665.01,25504.2,50239.58,46142.04,51148.4,18727.18,62608.99,22065.63,9178.82,46554.46,1979.6,48313.13,60178.33,31238.22,52862.68,6550.04,41052.79,11642.93,49872.86,7699.29,3113.67,45364.73,14064.53,56863.71,54663.11,58809.94,12250.17,21878.87,43246.96,6072.98,23038.2,10138.96,67236.28,14307.25,3859.29,37992.17,3204.19,37351.85,1767.28,27258.25,3257.08,19553.41,22347.17,3136.31,5742.32,59005.53,58178.71,44120.31,9419.65,12971.55,8614.9,28960.0,12122.47,17638.6,2978.96,9447.53,48748.37,51974.88,6562.51,2982.61,9062.42,48341.62,19584.18,31598.42,38181.19,2696.87,3008.25,22997.78,77317.41,28793.33,32696.04,5617.23,9496.96
1987,15877.09,64821.02,50305.53,61131.91,2583.65,4352.57,6084.3,16665.05,39446.59,16590.76,68438.21,70386.16,22385.51,4548.13,7969.94,7368.39,5519.93,9294.78,24602.71,24439.34,52765.07,47766.29,52021.82,20340.17,57966.13,21137.74,8897.51,47729.09,1905.55,50129.92,61343.89,29589.31,54181.97,6430.0,40673.66,11608.93,56790.91,7661.4,3191.58,48214.73,14298.13,60199.82,57663.11,61619.23,13188.3,24297.26,46082.56,5955.4,25356.63,10565.81,67402.49,14220.35,3452.18,37218.42,2887.57,35673.83,1699.0,32781.33,3030.19,20251.72,22006.73,3069.54,4085.34,58408.64,58525.33,45841.62,9448.06,14003.84,9417.33,30537.64,12441.87,17947.51,2758.17,9079.97,52944.74,53898.07,5986.06,2971.2,9389.84,44758.46,20525.27,33651.6,42583.11,2161.01,3154.72,25187.26,77996.28,27891.49,33118.95,5490.36,9048.61
1988,16572.16,66157.98,53087.5,64653.12,2657.77,4387.92,5557.72,16229.79,40339.79,17385.11,69440.28,70110.19,23652.6,4694.07,7912.21,7127.2,5792.48,8406.85,24464.54,24334.99,53187.84,50000.24,52238.42,21011.11,50749.27,19762.76,8526.67,49499.64,1824.64,53760.21,63780.2,26207.62,54372.72,6865.47,42751.69,11218.1,58057.06,7463.28,3352.96,50101.24,12573.54,64409.65,57741.35,63662.57,13426.71,24298.43,50119.16,6138.35,27998.81,10767.16,72525.62,15521.18,3342.06,35944.33,2439.73,37946.32,1670.18,30414.4,2735.24,21442.9,21217.36,2987.04,3420.42,59628.18,56507.14,49480.05,10011.53,13199.34,10097.93,32267.53,13001.22,18255.79,2682.32,8926.74,54625.74,55288.61,6098.11,3147.7,9967.43,41571.26,20926.36,32491.95,45241.51,2738.23,3278.1,24615.02,79440.34,27155.84,32515.92,5810.13,10320.51
1989,15821.39,65708.7,55232.51,65400.54,2593.29,4710.05,5542.59,16258.16,40707.48,21083.05,70586.76,71549.63,24717.82,4530.86,8428.11,6813.04,5795.71,8215.45,23874.45,24322.65,56939.5,51832.73,52669.13,19184.36,50643.82,18901.61,9104.28,50996.4,1644.69,55271.26,65288.72,33492.27,53802.95,6692.95,44649.48,11525.7,62230.47,7732.23,3496.12,53252.12,13183.41,62467.39,56366.65,65853.79,13508.23,24680.11,52963.12,5963.39,29770.33,11147.12,78254.98,15390.64,3159.56,35928.42,2509.82,40857.51,1760.27,30619.92,2800.55,22892.81,21078.95,2865.6,3021.39,60525.31,60518.61,51325.01,10457.33,10757.86,10848.04,33738.79,13301.86,17420.75,2778.13,8631.3,53772.66,55969.09,5683.07,3189.67,10648.64,39300.69,21398.98,31765.06,48386.44,2557.58,3301.77,24365.73,80625.1,25423.74,31361.01,4733.46,11181.38
1990,17289.34,64711.88,57740.01,67677.65,2487.93,4914.66,5544.89,15488.27,39218.7,21759.54,70839.37,73361.72,24606.56,4324.7,7562.58,6462.52,4441.84,9501.34,24026.21,24598.05,57535.77,56171.37,54292.36,17309.57,51951.68,18964.25,10233.81,51882.53,1829.41,55539.46,66827.05,39395.78,54132.86,6855.63,44688.67,11903.46,68558.26,8494.03,3615.88,55001.1,15085.5,62705.13,60631.94,67588.85,14265.42,19555.58,56196.89,6058.58,32577.12,11537.47,79072.11,14940.08,3206.02,36829.96,2470.15,41153.31,1690.76,30981.01,2578.2,24622.55,18811.64,2919.37,3093.84,62503.28,67535.27,51456.89,10435.99,10575.54,11537.28,35077.2,14317.3,17642.98,2617.37,8319.87,56411.88,56387.16,5511.13,3125.1,11676.69,39787.03,22481.63,34792.39,52697.76,2540.27,3337.24,23780.09,81092.99,26034.63,30178.0,4508.2,12103.66
1991,19720.14,66161.51,59852.84,68507.2,2578.53,5106.74,5637.73,16954.76,40777.09,21979.83,70223.87,71226.97,25990.52,4450.15,7422.42,6118.98,3513.85,10384.6,22669.14,24568.58,56136.36,60674.55,55022.02,16629.86,49324.73,18907.0,11551.34,53649.44,1626.25,53854.23,66996.51,40231.13,53931.94,7727.81,48506.91,12409.33,71710.44,9166.22,3639.91,56317.07,16934.67,63995.61,62637.12,68368.26,13810.62,18411.12,58540.78,5976.13,35909.79,11875.25,84453.62,16148.78,2915.51,37063.89,2646.84,43379.04,1746.51,32675.12,2685.24,26623.73,20232.93,2852.54,2682.94,63324.38,68361.63,51125.24,10871.85,10335.97,11567.96,35458.08,14324.26,16173.83,2335.8,7777.14,52386.45,57020.26,4680.65,3161.39,12288.05,36280.74,22895.15,31964.1,55522.67,2503.15,3319.95,24769.23,81761.09,26792.78,28916.82,4448.03,14118.07
1992,22858.74,69134.6,62287.72,71172.33,2523.4,5103.93,5725.32,17482.21,32513.32,22577.17,71610.16,72394.81,27819.47,4812.15,7445.8,5996.74,4336.0,7368.94,23451.34,25952.78,57385.89,63798.18,57651.49,18078.15,48080.3,18840.9,12470.04,55869.75,1431.44,55614.23,68686.59,37293.7,55171.94,7423.02,48509.47,12622.07,78400.69,9521.4,3744.32,60175.97,18027.29,61528.15,65274.75,70128.64,14615.28,18124.78,60022.02,5624.13,38064.98,12943.61,83477.23,15809.21,2744.86,37194.51,2388.67,42782.96,1562.37,33540.32,2348.28,27624.4,21516.91,2722.04,2559.02,63431.63,70684.41,52107.95,11275.28,10575.89,11653.24,36215.85,14436.5,15232.68,2592.63,7713.21,50944.8,59183.86,4624.5,3128.04,13035.61,34093.51,24864.73,33438.72,58287.51,2313.84,3345.13,27215.64,84576.57,26723.34,27902.9,3968.65,12628.24
1993,26328.67,71345.53,64026.58,72081.32,2551.58,5084.03,6026.7,18636.85,36736.16,22670.24,72716.0,73896.89,29195.24,5210.06,7042.3,6161.06,3258.4,7592.42,23557.62,26878.51,57032.53,65377.08,58145.96,19752.82,45450.29,16950.82,14208.68,58381.63,1577.73,58827.19,69260.88,36897.85,57216.41,6921.82,49010.3,13154.59,83117.69,10058.43,3844.12,62864.1,22728.31,62550.05,64913.7,71909.29,15648.84,17410.55,61605.9,5719.87,41251.63,13383.52,88030.65,15624.82,2721.18,36637.17,2465.49,45431.67,1652.54,35334.39,2533.74,28841.28,22281.5,2627.68,2114.7,65208.87,70893.92,54644.05,11450.93,10964.68,12131.05,37813.92,14816.5,15675.58,2493.77,7522.98,49597.97,60271.55,4259.49,2862.2,14174.26,32052.03,25911.61,38850.47,60822.71,2157.7,3393.88,28319.79,86114.38,25235.46,28070.09,3812.65,12660.05
1994,30495.68,72249.97,66985.99,74214.52,2148.89,5165.81,6242.29,20815.33,57150.41,23045.13,74721.06,76252.28,31569.49,5554.26,6697.21,5845.83,2307.39,7017.03,23934.82,27225.13,59073.59,67807.24,59540.82,20511.03,44843.01,16734.62,15679.05,61251.95,1425.12,63755.55,70283.29,32735.2,58357.74,7160.03,50432.55,13472.93,84625.53,10385.02,4014.04,63865.31,23511.12,63964.77,64839.45,75505.03,15393.99,15878.27,63514.15,6264.97,45113.37,14202.38,90449.36,17150.04,2635.94,37131.0,2418.62,46319.51,1746.2,37132.43,2937.87,30720.21,22687.09,2571.08,1699.78,66609.04,72682.55,55663.78,11204.83,12149.32,13149.02,40286.31,15246.43,16624.97,1192.95,7782.47,46035.99,64666.02,3891.24,2858.09,15435.36,31111.25,27441.85,32964.37,62151.3,2087.63,4397.35,29825.9,87951.64,23521.76,28676.33,3579.2,13601.73
1995,35865.44,73297.17,69856.94,76156.83,2447.05,5247.03,6838.2,24056.13,57167.27,24779.39,77192.11,77624.58,34778.24,6089.64,7409.2,6353.95,2343.29,6569.17,23912.11,27623.44,60285.05,69884.48,61209.8,20944.71,44612.52,16442.09,17968.54,63328.01,1545.08,69869.58,71122.15,35722.47,63357.0,7368.91,51548.15,14079.41,86819.62,11088.18,4300.22,69669.61,23752.9,61876.89,66695.43,79379.98,14958.6,15695.86,66834.05,5685.25,49257.17,14326.33,89008.96,16435.78,2639.02,34896.83,3216.24,44790.57,1755.11,36971.41,2801.47,33667.06,23743.18,2672.48,1510.42,68394.89,76725.5,56117.83,11809.58,12920.06,14236.68,42140.83,15592.13,17383.0,1486.09,7704.31,46785.19,68081.01,4029.61,2940.14,17181.63,30115.21,28904.21,35691.24,64662.82,2214.53,4295.36,28913.38,89137.27,23604.7,29753.15,3676.7,13133.26
1996,45215.06,76420.02,71067.98,75698.89,2706.79,5247.4,7500.55,29424.38,58467.89,27714.91,78360.57,78783.66,35036.24,6491.73,7773.06,6621.75,2027.86,7224.13,23638.31,26505.93,59492.6,70857.55,62967.38,21516.44,45515.77,15921.65,21506.99,64747.53,1513.9,68639.39,72265.86,39264.22,66537.3,7348.17,53323.85,14172.99,88194.13,11780.74,4599.08,72540.14,28119.61,63066.76,68987.92,80621.13,15352.77,15289.96,70234.66,5638.14,53928.29,14576.08,88425.66,18878.85,2684.26,34575.17,3988.24,44132.5,1844.48,41845.39,2663.29,33488.56,25112.86,2570.57,1476.4,69710.93,84545.7,57335.93,11997.85,13113.81,14570.78,42587.06,15521.5,18242.1,1769.51,8758.4,56510.9,70810.34,4001.12,2738.16,19153.67,28758.95,32161.62,38328.27,69697.04,2306.9,4152.4,30321.03,91341.71,23019.13,30752.52,4036.88,14712.13
1997,44378.75,79603.28,74105.62,78721.54,2941.88,5095.71,7534.09,28052.67,53415.39,29166.92,79950.34,82034.69,34701.86,6647.58,7513.89,6780.0,2020.77,6620.4,23720.94,26620.47,61243.74,73267.28,65386.91,22658.51,42666.01,16004.45,21449.26,67363.44,1613.24,72351.3,75780.51,33494.36,69265.58,7864.48,58352.47,14629.52,87300.39,11787.2,4753.6,78326.19,28581.27,69317.17,71254.89,83955.64,15320.16,15317.06,70060.43,5503.14,52047.26,15045.03,93647.6,17032.42,2708.54,36263.84,4196.46,50726.17,1965.29,41585.5,2857.85,34449.9,25482.62,2506.93,1549.39,72394.61,86778.38,59149.18,11456.04,13663.02,14097.7,44979.22,15569.91,17228.05,2044.75,8623.56,55929.97,74283.4,4544.27,2939.22,17093.1,28326.04,31473.12,40477.62,72965.66,2503.15,4203.55,30248.6,93381.77,22225.02,31120.66,4247.4,12722.94
1998,42334.34,80935.43,76304.16,77926.57,3125.02,4916.74,7627.61,26959.8,53950.57,27716.89,79274.07,83390.63,33557.35,6599.28,7410.27,6958.7,1791.52,5065.62,23163.1,28288.72,59843.33,74901.65,66423.69,23460.62,43008.38,15548.38,21147.85,68902.0,1461.48,76767.88,78605.84,28254.52,70415.56,7685.7,59175.69,15122.14,82128.5,9283.25,5098.79,80815.74,28088.69,69739.15,73164.15,87244.88,15631.65,15689.9,70085.26,5320.17,48665.88,15032.6,97236.03,16758.96,2759.06,37654.48,4270.34,53049.75,2066.18,42110.85,2413.64,29372.87,26142.06,2680.42,1496.05,73126.92,80635.51,60533.1,11572.2,12822.05,12785.84,46184.53,15732.77,16779.37,2159.85,8273.92,61544.02,76135.71,4996.43,2850.4,14921.83,26796.7,30334.34,39354.25,76114.14,2633.82,4415.17,30354.53,96090.99,19490.45,30932.69,4042.43,11001.33
1999,39526.7,83614.22,78008.24,80509.76,3372.66,4640.27,7529.35,24748.85,52110.21,29009.23,82668.07,85721.1,32231.38,6913.06,7135.06,7090.23,1827.36,6304.69,22268.65,27773.91,63332.37,76743.72,68985.92,24223.76,43974.06,15480.45,21463.69,68643.07,1472.23,78983.14,80385.95,32603.25,72372.85,7913.13,60324.79,15569.38,83882.07,9182.96,5390.54,83311.41,30421.23,72228.89,75251.39,88891.58,16302.04,15099.99,71051.46,5175.41,53106.19,14967.98,103927.56,15660.21,2811.89,37411.34,4479.49,55297.15,2174.58,41738.25,2483.13,30042.23,26872.5,2616.04,2191.67,76724.7,89137.58,63348.21,11408.62,12434.78,12144.71,48476.41,14649.17,16824.18,2185.07,8768.98,62122.64,78746.18,5250.58,2811.96,15449.81,31032.05,29505.28,37165.35,79152.23,2747.7,4452.21,29045.98,98911.74,19920.7,30818.22,3936.92,10390.85
2000,38861.21,83904.15,81631.17,84175.8,3486.9,4671.96,7485.5,24270.68,49667.77,30193.77,85915.03,86186.43,32404.2,7367.05,6854.58,7193.85,1611.87,8832.63,21602.02,27879.58,71418.91,76647.3,72490.92,23701.44,47457.08,15215.21,21816.95,69347.87,1408.05,80912.95,83071.09,38189.55,75790.08,9327.33,63114.68,15945.85,91169.55,8672.71,5518.88,89039.56,32053.78,70471.55,79933.39,89299.44,16676.34,16124.31,73353.21,4959.68,54877.55,14631.52,110344.13,15021.04,2826.63,38770.11,4569.02,68393.68,2197.1,42164.8,2447.92,33117.15,27361.43,2445.1,3003.12,82737.02,109154.32,62793.58,11284.73,12250.42,12493.53,50333.63,13781.92,17428.41,2278.37,8438.19,78319.82,82058.0,6478.61,2635.05,15510.89,36774.19,29799.58,41239.37,82201.35,2876.96,4496.88,28156.12,101676.01,23729.99,31969.48,4740.12,7872.77
2001,36767.83,85563.82,79232.94,83477.75,3589.32,4703.31,7719.61,24042.31,47977.84,29435.2,84493.5,84658.97,31785.58,7941.67,6838.06,7183.39,1573.6,8292.3,21568.97,28526.27,71876.09,77984.89,71769.98,26599.86,45303.58,15475.72,22555.8,68831.81,1604.52,80242.87,84146.6,33945.83,76892.67,8416.54,65314.33,16369.34,95203.76,8862.76,5670.88,92883.96,34915.57,73207.44,80442.86,87376.49,16594.8,17132.92,72928.02,5026.55,55515.38,14811.32,98414.65,15316.23,2883.21,37897.92,4870.9,60028.24,2374.49,40779.45,2241.39,32389.15,26299.38,2576.39,3251.68,82347.17,109760.14,63039.27,10896.9,12146.46,12258.32,49394.44,14155.82,18981.3,2469.36,8663.56,75256.09,78215.5,7504.09,2771.06,15787.7,34170.46,29734.69,40473.29,81645.27,3053.59,4555.01,26933.38,102457.6,21788.32,34263.54,4938.72,8768.67
2002,31711.98,85993.39,81013.83,85606.91,3721.49,4847.85,8002.4,23262.94,48335.84,34756.49,83101.84,84508.43,31393.34,8626.35,6695.49,7282.21,1591.97,7964.65,21330.27,28010.85,68334.27,78140.34,71566.52,25648.6,44962.53,16454.6,22976.0,69463.8,1393.62,78921.26,84179.22,34905.28,76379.17,8207.4,66324.2,16523.09,100755.79,8905.83,5827.42,102537.43,38607.82,74131.97,80156.0,84435.89,15152.41,18597.31,73778.79,4771.03,58272.39,15125.29,93348.25,14856.5,2564.25,36621.95,4811.98,61437.96,2713.04,40926.57,2683.08,33711.69,26844.55,2632.84,4109.48,82139.81,106361.57,63101.86,10880.67,12633.17,12111.88,49395.9,17937.73,21723.73,2887.37,8539.28,79167.16,78591.27,9119.17,2001.89,16568.82,34723.97,29034.6,40425.4,83651.99,3261.96,4563.12,25725.66,104210.79,19888.14,34387.67,5203.17,7454.17
2003,32797.9,87641.54,82473.78,89365.58,3871.17,4886.48,8489.64,22838.98,44333.18,34159.76,85354.95,86520.92,31912.88,9364.55,7432.66,7365.96,1683.6,8075.33,21279.46,28205.42,62494.1,80889.3,73628.6,23786.67,50670.86,16962.21,23288.11,68422.03,1452.32,80222.22,82074.62,38522.44,77217.93,8471.9,65743.92,16670.3,104794.73,8914.27,6188.56,109754.87,40246.24,74226.79,76348.32,83396.42,16410.77,19365.66,74996.94,4565.33,60704.1,15229.54,89451.43,14693.71,2785.98,36412.98,5194.13,64948.86,2959.47,40246.13,2769.47,34682.88,26217.71,2653.58,5471.64,82652.81,116292.54,63728.43,10913.16,13192.61,12122.1,49607.27,18124.33,23766.76,2787.91,8356.44,76548.67,81258.83,10939.77,2280.68,17402.9,44148.86,28806.85,39965.71,84652.39,3370.1,4494.19,25684.7,106709.87,19129.26,35847.19,5783.75,5133.52
2004,33657.65,89270.41,85345.23,90648.34,4064.26,4902.14,8488.73,22831.02,45036.23,36121.87,87639.96,89504.08,34913.76,10382.5,7053.22,7253.81,1799.95,9474.76,21503.6,28623.31,61355.78,82904.94,77906.4,24109.38,45728.04,17350.61,23732.77,68450.79,1671.63,83558.33,83625.63,45384.56,78325.38,8812.05,67252.72,16918.08,117732.71,9664.18,6585.83,112338.9,43135.67,78470.3,75018.49,83368.11,16702.03,23292.57,76497.11,4590.08,63368.06,14985.17,81541.31,14377.76,2900.05,37393.05,4672.01,61379.43,2994.27,39834.03,3075.0,37626.59,28048.84,2483.42,6895.88,85081.12,123845.59,62028.94,11480.19,13895.43,12096.72,49889.87,17593.6,26731.8,2903.43,8299.75,85182.9,85667.01,15146.75,3346.2,18310.58,46523.46,28837.28,44778.75,87074.74,3448.67,4611.33,25498.26,109592.77,23951.48,37508.52,6027.28,4721.22
2005,34853.56,92608.51,92526.99,99825.58,4390.21,5006.33,8891.24,22992.5,45637.49,41713.37,92810.49,96364.43,37845.93,11488.16,7015.5,7595.24,1895.74,13075.23,22076.61,29885.6,68500.57,87141.49,83791.99,26513.95,50360.72,19130.54,24239.48,72759.8,1932.39,87911.99,90094.37,60072.62,82905.4,8688.46,68321.06,17335.19,122533.97,10477.47,7456.99,118257.11,49181.6,83313.02,73483.1,86215.02,17835.38,27192.14,77698.24,4787.29,67722.92,15152.88,100220.78,14111.75,2949.66,39395.46,4869.88,68611.64,3217.6,38425.3,3191.33,42782.71,29515.72,2514.67,11005.35,95771.57,152165.98,62687.76,12021.42,15022.88,12502.05,55130.97,17565.0,28053.42,3001.38,8800.2,111585.45,89055.21,22829.02,4110.58,19743.14,55621.64,29960.56,48406.57,91926.74,3745.99,4928.64,26529.07,111728.43,30191.36,40746.91,6692.8,3993.17
2006,36785.23,92243.88,92823.47,95912.45,4513.73,5338.09,9075.5,24326.08,43599.18,42782.2,91761.28,100661.11,42732.16,12464.21,7293.21,7803.32,2037.84,13935.32,23342.32,29449.1,69616.81,88559.22,85177.12,28436.44,50385.6,19930.21,25442.42,76297.38,1895.68,88129.93,91418.76,57041.21,83300.92,8590.67,72816.39,17881.09,111463.88,11548.6,8351.32,117101.78,52492.2,77707.49,72084.07,87573.79,17384.7,30639.91,77992.97,5147.01,69163.48,17834.82,96140.78,15417.46,3002.58,39632.93,5355.95,66521.09,3261.02,39994.65,3310.66,42520.94,31232.62,2556.68,12534.56,95921.79,160577.15,62077.82,12556.7,16441.15,12789.41,57454.76,18995.27,31435.97,3234.23,8602.51,116431.57,91201.13,21582.82,4329.55,20586.99,65565.31,30368.79,54221.65,91465.19,3969.74,5099.96,27068.85,112937.21,33881.92,38461.4,7521.7,3001.3
2007,39234.78,91910.6,94257.24,97238.67,4375.71,5765.23,9522.33,26939.6,45475.65,40693.99,91581.7,108226.1,45133.59,13646.84,7660.18,7368.07,2135.06,10855.88,24424.38,29847.04,71402.62,92061.99,85674.49,30194.32,53954.88,20309.68,27669.33,79041.85,2166.94,93810.88,94336.51,58945.89,82282.53,9956.22,72498.99,18606.52,115397.75,12490.85,9336.96,123356.02,59479.75,79051.07,69978.39,90749.9,17957.27,32132.38,78857.23,5299.42,72335.64,19776.12,98538.65,16055.49,3012.46,40107.77,5288.8,68445.36,3360.16,43555.34,3820.9,45773.58,31167.3,2514.28,13477.79,99459.35,157168.84,65174.64,13308.09,17727.56,13293.02,58703.65,19369.16,35063.46,3279.6,8725.06,116710.21,95142.36,22543.46,4668.78,21656.58,71627.6,31941.97,58150.16,92800.02,4273.2,5255.62,28678.85,114090.48,37736.09,40264.7,9758.99,3366.02
2008,41349.7,94432.15,95837.32,103898.42,4541.35,6270.29,10436.04,29481.39,42225.34,39061.03,93900.4,113768.17,43272.31,14474.78,8058.99,7337.64,2083.9,14489.02,26419.42,30834.26,74230.0,92963.2,90031.65,29457.44,54420.79,22084.76,32247.64,80414.56,2276.28,95335.6,94670.45,68776.43,84172.92,10604.84,74438.19,18968.93,111566.44,14518.46,9861.13,118418.59,61293.95,100003.64,67521.94,92921.76,17760.48,37621.26,77556.02,5321.91,72210.61,19703.17,93061.81,17966.84,3276.47,40588.89,5652.9,66834.67,3424.49,42364.41,4219.29,50816.85,33194.41,2613.6,13566.34,101914.55,173481.71,65176.21,13692.15,18989.95,14028.69,58324.08,20321.53,40773.16,3302.86,8606.69,101278.76,96852.93,23585.24,4862.68,22607.93,82172.5,33235.79,60616.59,88527.11,4592.86,5483.91,31155.45,114010.45,43364.3,39852.57,10103.89,2634.45
2009,38964.31,93399.18,91949.35,100648.29,4557.21,6631.08,10868.7,30445.58,38519.66,34977.09,85862.04,111536.84,43932.02,15645.35,8700.19,6992.06,2109.45,11069.86,26647.37,32778.08,74799.77,86524.53,89020.36,31073.43,48379.28,20947.16,33352.77,82632.11,2316.32,89729.52,92704.09,42797.17,79274.19,9857.35,73157.94,18982.65,101066.03,15768.49,10483.85,122015.72,62452.58,92005.6,69598.29,90873.76,18359.71,41783.58,74023.2,5549.91,70007.93,22119.26,85666.71,19442.48,3162.23,38887.23,6623.13,66729.62,3387.76,40801.38,3028.65,46785.93,31136.36,2605.43,14075.7,94329.29,147180.3,67220.12,13963.73,18609.83,14151.9,58794.14,21223.84,40187.86,3421.47,8950.96,97477.65,92401.2,23358.66,4445.49,21851.69,62307.71,34342.22,58565.22,85980.43,4819.76,5830.16,32616.59,114678.59,37109.64,39532.18,11049.8,4658.45
2010,43415.45,100048.35,94028.23,108749.61,4955.52,7185.92,11866.3,34024.61,37378.1,37291.09,90123.14,115141.5,49671.37,17729.82,9808.43,7003.23,2334.1,16742.67,28620.96,32374.18,76439.51,90382.28,97229.01,32583.05,54466.35,22089.42,37751.01,83568.44,2623.59,93452.63,96427.78,49222.16,84345.11,10458.4,69958.3,19479.84,110400.77,18284.04,12027.56,128144.96,68204.53,84428.83,71020.64,92488.26,19337.72,42468.01,77477.72,6196.16,74080.83,24213.86,95850.0,20446.03,3382.76,41740.27,6800.61,68581.8,3377.13,40970.13,2839.63,46681.4,32240.06,2865.52,15285.22,95679.22,160355.23,69745.59,14201.34,20639.54,15114.04,62236.29,24506.71,43389.56,3641.41,9097.53,118807.29,96758.06,25197.34,5723.26,24558.32,72744.29,35772.59,63337.74,91913.91,5397.06,6246.67,37094.4,118337.51,44981.92,41998.51,12150.15,5036.45
2011,47740.75,103744.42,96524.58,107386.6,5095.22,8062.76,12982.68,37019.47,33746.68,39195.28,93747.53,123559.3,53290.23,19075.77,10193.35,7383.84,2504.38,20012.22,30975.53,33713.42,76004.18,93662.28,99325.97,32077.89,59040.16,23635.75,41989.6,85378.32,2841.1,93706.9,98377.36,66106.29,85025.42,11345.04,68354.42,20271.89,116354.7,21836.61,12957.03,133348.58,70931.38,85128.22,72407.49,94320.35,19777.44,47548.36,76236.0,6574.13,72969.96,27660.69,93820.29,22746.81,3508.63,44669.42,6392.7,70379.43,3264.57,45501.75,2912.42,51061.82,33859.91,2719.91,15653.95,97252.11,173852.5,71828.94,15207.25,22125.61,16077.65,62314.92,26563.79,44259.21,4127.78,8933.55,123696.83,101564.53,25538.7,5428.26,26042.84,78668.87,37115.86,66471.57,93746.59,6189.72,6647.39,39762.43,119199.29,48791.22,42371.8,13406.39,5392.37
2012,48022.03,102220.97,97157.52,107791.48,5388.98,8142.1,14125.38,36551.84,32313.99,36352.12,93350.63,125067.17,54382.91,20196.68,11882.67,7820.34,2657.53,20991.74,31561.23,35897.68,80934.11,91918.95,99229.39,32268.16,54777.87,24578.99,48050.59,88440.53,2958.33,92079.66,99272.86,57309.69,86314.76,12539.63,69795.26,19491.82,119584.72,22609.75,14091.13,136403.17,60934.92,86829.1,73554.33,92379.59,20446.7,48554.7,76537.47,6916.36,71968.65,31117.69,96567.46,23265.97,3452.2,45416.54,5871.22,70317.36,3340.19,46330.88,2631.61,53016.1,35915.73,2988.23,15886.1,99835.89,180156.09,71951.24,15348.5,22841.94,16977.17,64802.66,24552.68,46163.48,4520.88,9041.14,119974.87,101066.23,21550.61,5693.87,28570.28,76172.87,36686.63,67839.26,93498.26,5705.21,6269.53,40710.9,120223.65,49561.81,42295.32,12499.69,6055.92
2013,47281.54,106208.77,95532.76,107676.24,5409.72,8386.23,15418.19,36271.22,29530.78,36340.65,95517.89,123146.25,55006.91,20922.37,12661.63,8054.21,2847.82,19358.26,31670.18,34337.12,76869.77,91430.47,97363.73,32216.36,50207.32,26009.12,46462.36,88954.73,3026.52,88823.98,98297.46,57369.02,88582.45,12794.38,71511.53,20485.1,130688.05,22915.01,13863.2,132776.38,57034.43,84702.45,75386.17,92450.46,20796.57,46988.43,76806.39,7023.86,69337.45,31271.85,92911.22,23121.0,3355.54,45164.44,5721.9,66376.05,3380.35,45025.44,2918.0,52249.08,32497.47,2985.62,16533.57,105745.12,174423.24,72715.3,15143.18,23004.81,17442.21,64568.79,25686.33,46486.4,4502.46,8388.49,112152.35,100004.08,19101.7,4869.22,28859.78,75123.87,34886.56,70394.2,92009.53,5804.93,5799.91,41424.71,121689.51,46106.33,41693.64,11995.52,6244.68
2014,45392.12,105004.37,99135.58,107677.53,5063.74,8976.19,15641.99,35520.96,29868.38,39942.31,98110.45,124062.47,55260.94,21857.84,14138.58,8403.25,3072.87,17911.47,32419.86,35759.1,73284.06,93877.61,96793.99,32571.68,52117.68,26018.01,44964.41,88280.38,3452.04,88962.05,98147.02,54989.15,87093.66,13726.92,69770.56,19989.78,113560.27,22922.94,14474.59,140232.39,55565.01,84581.68,74905.62,92279.57,20494.49,44403.21,75279.43,7303.21,71017.89,31675.89,107825.69,21916.53,3248.38,45392.38,6033.56,66235.1,3650.2,45396.98,2606.18,51645.38,35953.17,3151.76,17035.9,100959.82,161936.51,72647.88,15505.34,22749.81,17942.23,63709.04,26889.45,47276.77,4762.33,8260.49,117355.19,99663.06,20723.38,4896.56,28168.22,71190.15,34584.52,72901.53,94269.82,5704.66,5820.64,42565.31,123088.25,30046.09,41822.02,11991.83,6172.24
2015,45989.87,97896.91,100654.45,104749.35,5084.9,9757.39,15854.9,33348.1,28241.15,37999.76,92139.11,123082.95,53753.71,22557.33,15665.21,8521.05,3261.91,12917.96,31066.34,37583.52,76167.13,92418.55,95413.9,34449.01,46513.12,24015.68,47336.66,90976.0,3481.62,90450.96,99701.88,51264.4,89109.52,12774.75,69646.06,20371.82,98146.13,22470.43,15293.08,177751.8,47225.28,86432.81,76599.58,91681.42,20534.9,43780.51,76952.32,7747.52,74539.66,32159.11,115883.15,23498.12,3256.03,44587.22,5949.84,76679.56,3732.63,45011.35,2697.1,50069.14,37274.31,3143.25,16723.48,99363.81,135681.09,72304.09,16148.41,22366.74,18684.55,64469.91,25987.33,50361.51,5045.22,8414.34,115273.53,102130.03,21255.74,5238.94,28199.15,64263.08,33583.45,75990.33,92626.24,5945.78,6027.98,42766.54,125028.61,12314.61,40277.47,11318.08,6224.62
2016,46076.32,103504.65,100941.44,105239.74,5443.27,10173.75,16284.25,32347.22,27053.31,38980.1,92291.96,123755.37,52475.87,23282.41,15669.8,8789.47,3664.37,10827.22,30847.08,39335.73,79664.04,94311.01,97437.07,35961.18,43765.99,23477.73,45247.34,92877.89,3880.42,92291.22,100266.61,49343.85,88521.24,11778.4,67691.61,19642.93,96972.84,22573.21,16142.63,185184.11,47843.37,85950.37,79596.22,94598.21,20024.68,42925.61,74569.22,8004.7,76053.38,33211.09,121002.01,23742.11,3303.94,45212.03,7129.42,76149.42,3969.12,48773.6,2589.62,50876.13,36607.37,3030.14,15526.73,97950.03,129699.7,74711.57,15883.15,22628.23,19110.45,65004.63,26325.55,53468.16,5120.31,8391.89,116285.24,102314.22,23697.24,4522.74,28999.8,59741.17,33978.59,74262.88,91491.17,5776.76,5631.55,42781.06,125299.06,4981.0,39677.67,11333.37,6297.79
2017,51039.76,104801.45,104178.24,108113.43,5638.32,10419.67,17360.23,32804.2,25401.34,40179.51,95285.07,126485.71,53267.59,24634.01,15734.49,8849.77,3475.71,11034.29,30862.99,40926.06,77580.99,97182.97,101949.61,36179.52,43196.92,24002.77,45693.55,94717.13,3966.74,94234.27,102928.53,49076.68,91253.0,11735.35,68229.16,19077.85,95294.28,22935.8,17004.3,194314.35,47250.15,86585.83,78780.46,96740.65,19957.61,44487.09,73972.87,8640.9,78655.28,32775.99,125221.23,24134.0,3198.04,45151.63,6899.35,74399.96,3514.57,49150.67,2725.79,51969.38,33971.45,2975.13,13981.84,101462.18,133727.12,74900.85,16369.01,22998.58,20491.38,64868.62,26661.11,57629.65,5057.87,8378.54,126697.77,104321.45,24149.04,4244.2,30862.89,58804.19,34390.57,76576.14,94162.75,5510.93,5577.62,43363.77,126350.86,1025.62,39667.12,10647.0,6702.7
2018,50713.97,107009.15,104926.51,104883.47,6006.09,11106.37,17839.73,33033.88,25752.63,39765.78,96678.95,127967.52,54559.2,24682.8,16572.36,9027.89,3479.5,13253.0,31985.59,41469.74,75361.29,96217.84,101532.74,36557.88,44816.94,23999.17,46509.23,94703.78,4410.48,92829.69,102978.29,50507.29,91142.06,11767.16,67265.88,19066.15,105767.18,23693.77,18122.85,201327.17,44403.18,87267.43,77118.45,96712.75,20336.04,45023.19,72164.71,8761.29,79685.18,34396.15,120380.21,24560.84,3008.26,45101.32,7613.54,80005.15,3427.78,49926.3,2682.98,53047.25,31959.86,3126.92,14260.54,100722.56,143177.0,75566.32,17050.53,23359.51,21326.57,64318.05,26035.54,59482.13,5223.04,8496.7,128272.07,103344.7,24669.48,4350.84,31100.49,62212.14,35033.83,78785.94,94056.84,5538.12,5738.9,43320.26,128643.01,902.81,39189.46,11019.12,6466.3
2019,47348.27,106091.83,104983.74,105125.24,6191.36,11588.94,17828.07,32781.53,26513.72,41205.71,96701.77,129094.63,54404.87,25359.87,17242.07,9115.77,3527.19,12432.73,33380.79,41434.88,76531.59,95441.3,104931.07,37551.5,45016.16,23670.65,45183.27,94937.3,5252.02,92961.46,103284.03,51151.28,90650.97,12339.65,67270.07,19258.12,105485.45,23922.5,18428.99,221661.22,44637.73,93442.88,77690.25,96354.74,19975.36,44316.55,71979.55,8883.24,80702.37,34642.76,120936.16,25081.78,2976.56,43465.47,7819.01,77818.56,3386.83,51059.67,2721.25,54386.81,31431.28,3182.33,13715.83,100463.91,138858.04,79249.08,17254.52,23553.08,21530.49,65535.46,25843.16,62215.1,5456.75,8616.03,127116.55,105203.2,25853.12,4324.71,31744.87,65106.29,35176.55,80044.11,95946.07,5618.33,5978.53,43490.1,130106.74,612.27,39377.02,10866.77,5976.65
