date,gdp,gdp_trend,consumption,consumption_trend,investment,investment_trend,hours,hours_trend,capital,capital_trend,tfp,tfp_trend
1948-01-01,21.810292167733035,21.337429877071457,13.98297257189685,13.873798432919868,3.8740184498548764,3.6840596626675777,105.4146402156164,102.59139567301447,22.877565858912746,22.809172812115236,12.923086310020219,12.934163574411626
1948-04-01,22.12210661136212,21.56814639371876,14.133728182486587,13.973181582304486,4.085374819363765,3.7110065170849778,105.14005455197241,102.73924453178356,23.041384326340268,22.95831031147357,13.097335575510469,13.023982393010959
1948-07-01,22.17750899455642,21.801656262174752,14.065444607673797,14.07334559411157,4.171528468739254,3.7382679390543565,105.53893095355768,102.88905218243944,23.22774295401372,23.108466186268387,13.060982954114067,13.11505934290667
1948-10-01,22.166858736413992,22.038647377031296,14.067700224894136,14.174467696168502,4.058671616298253,3.7661925201071793,104.40074563036966,103.04406252660121,23.46646887111656,23.259743693501534,13.100078695292101,13.20755942284525
1949-01-01,21.826303835546707,22.28007455371185,14.033054580682967,14.276725076335769,3.4235285363463603,3.7953994327009517,102.47800500085647,103.20917978318401,23.669299213233185,23.412323993255793,13.016348795961425,13.301617781019527
1949-04-01,21.69903525189325,22.52701488368693,14.269731987570871,14.380231921873298,2.898072004760857,3.8267063978837634,100.54328883679824,103.39018688074503,23.686795238843366,23.5665231744912,13.098377813958521,13.39730483279812
1949-07-01,21.861227772579902,22.780298829965115,14.244097289855372,14.48494968737266,3.168283430910599,3.8607109739339465,99.18481013420636,103.59245249787266,23.564696175926727,23.72282733307571,13.337589508432966,13.494509991741234
1949-10-01,21.61586348130102,23.04025331708243,14.397077071545068,14.590768128822358,2.9926916860379293,3.89735794740996,98.4759712483282,103.81958604496705,23.512020597986037,23.881811265724785,13.259899402619535,13.592927521539636
1950-01-01,22.400686630644078,23.306618311001895,14.590901186767045,14.697419518605894,3.729007432649096,3.9361067501790075,98.95801644987026,104.07241562250873,23.416457753098495,24.043964521781607,13.717329613505507,13.69214238787302
1950-04-01,23.02070546356509,23.57817882081063,14.809427221382595,14.804504426078344,4.145475835001643,3.9757404971307095,101.12760133900083,104.34834826296232,23.51223566949716,24.209553711189255,13.87983318764615,13.791513369683186
1950-07-01,23.858098444474873,23.853069084634463,15.523678265697344,14.911543863808593,4.540156191510225,4.0148574175357705,104.08237509705731,104.64148259874305,23.721902842425447,24.3784497490488,14.07414816399089,13.89039649515378
1950-10-01,24.376963767690313,24.128972708058395,15.081724890088067,15.018048197975453,5.214595562438833,4.052106532582248,105.31228478537749,104.94380357417005,24.135827623361944,24.550071277040974,14.184703823863313,13.988185430049583
1951-01-01,24.77730304435102,24.40346833380014,15.427337017855782,15.123894488376239,4.7624041226496345,4.0864038559112235,107.37904288982591,105.2468542043447,24.71197888597119,24.723398288409385,14.119603689385933,14.084373275118876
1951-04-01,25.251301662562902,24.674184501822463,15.039821748173347,15.22899725702167,4.944951785662111,4.117285206771674,108.43093547614993,105.54231125837852,25.13239394748661,24.897116648355283,14.214648935016296,14.178564210273798
1951-07-01,25.761964774057784,24.938888456510295,15.221469552003594,15.333459751763487,4.544167618597481,4.144679382668546,107.35525517265113,105.82308590525508,25.531218849429166,25.069867788013585,14.516188233548956,14.27037600791211
1951-10-01,25.768229078243177,25.195627906939137,15.307794391190567,15.437268158233637,4.129827189501972,4.1690015632013315,107.19956829154545,106.08380971026642,25.775196690991898,25.240404282003293,14.485123579909677,14.359441715260498
1952-01-01,26.014581574713382,25.44290391455671,15.39741933017935,15.540337733168803,4.202878261634257,4.190926908808984,107.7712212884554,106.32002753630681,25.928962403960384,25.407735892186796,14.542833279466446,14.445542243471722
1952-04-01,26.03485276646433,25.679541076714195,15.654804634978284,15.642499788716881,3.822262238688407,4.21112610932137,107.1713934183086,106.52795779147824,26.08914068389913,25.571183921067977,14.575609890799203,14.528535544275417
1952-07-01,26.138407904999646,25.904704833317417,15.607153286954311,15.743491034568253,4.067543194943935,4.230293824819256,107.60179915143118,106.7047155634997,26.101026042051394,25.730382425042936,14.593184834661258,14.608340914561113
1952-10-01,26.90560331593198,26.117782391654565,16.085624158215165,15.843050076881392,4.291266106634667,4.248881702731952,110.08013058951676,106.84782592849943,26.167848460899236,25.885284980270853,14.787573705850209,14.684908935464385
1953-01-01,27.156952463733493,26.31831616844367,16.184418136668018,15.940823384030848,4.31614815137687,4.267245332570246,110.20026230059798,106.95539160734226,26.13829293634448,26.036081086059454,14.921040115159549,14.758182916876498
1953-04-01,27.306039680631738,26.50635474902525,16.23798657814052,16.036602407814883,4.329595365303908,4.2857732584097405,110.16255187906525,107.02753613268527,26.298187144676803,26.183146347393418,14.974295270334052,14.828172904831607
1953-07-01,27.092891459877833,26.682498115072484,16.18393893173015,16.130328147751587,4.255049036962339,4.304891486298481,108.84131134822101,107.06641894566089,26.455376733122247,26.32693281399766,14.943190340403005,14.894994509595104
1953-10-01,26.59289887633307,26.847885173907382,16.061154604916844,16.22206850688248,3.889065911789767,4.3250612314051,106.77996264610306,107.07616726346119,26.55675969510406,26.46797784977188,14.830980276012784,14.95886008389757
1954-01-01,26.373955228308585,27.003960855080916,16.094515480303823,16.311928441562355,3.8134078902169986,4.34672113753307,104.97999336828903,107.06203618989694,26.56120578782899,26.606913496671595,14.871442257622414,15.020018568222001
1954-04-01,26.330367992766455,27.152057340782157,16.22185685305707,16.399914577147342,3.781178891671023,4.3700293767804474,103.90363041197688,107.02911132862363,26.564873729931417,26.744442654381135,14.945933528147712,15.078644275483379
1954-07-01,26.56205130082671,27.293144954510094,16.3248233069969,16.485896844654853,4.006155375658707,4.394789251445825,103.24758055546461,106.98117084651925,26.56890821908022,26.881254920546333,15.138843187191686,15.13482208984006
1954-10-01,26.9965363073954,27.427696201587686,16.552662703669096,16.569630838296266,4.196635186412071,4.420400773354979,104.19594856638565,106.92001316491607,26.610381541788364,27.017940844421,15.286952703292297,15.188555929393237
1955-01-01,27.67922920961338,27.555732488790166,16.845697648692564,16.650766613929104,4.603589208587485,4.4459930368200355,105.53509742622018,106.84506581481361,26.697688264798657,27.15490492033274,15.52615860697223,15.239853897896825
1955-04-01,28.027267326601944,27.6770081346255,17.052183801429774,16.7289385618074,4.832956946177377,4.470529791790486,106.52510822832859,106.75404124066736,26.86905447882696,27.292300683304497,15.591303779812584,15.28878746114593
1955-07-01,28.315908466123595,27.79135740945855,17.15529892219018,16.803898724628482,4.919632491480752,4.493050402596486,107.29860756842118,106.64384415356255,27.104807896006033,27.42999368321805,15.630106189445684,15.335608852440364
1955-10-01,28.407734484513707,27.898837836793444,17.199569990407568,16.87559914616562,5.1267442817699935,4.5127973002967225,108.29159716419741,106.51125860764989,27.36577308151937,27.5675774659654,15.534994569836616,15.380762981180503
1956-01-01,28.220378205494058,27.99984158981093,17.080366806432522,16.94421290145516,5.025037805062015,4.529261332399389,108.66053777952985,106.35350464892282,27.670538155481548,27.704430981092276,15.33888413000807,15.424884251643897
1956-04-01,28.376747236050836,28.095089835960266,17.10417808223244,17.010120514908465,4.9002871507827965,4.542295124603716,108.5938062340248,106.1689358323323,27.937540789975248,27.83979324083896,15.378262368266153,15.468711287038573
1956-07-01,28.267579444791195,28.185456605875704,17.045778123769235,17.07379586435157,4.903507916615075,4.5520531733489245,107.83624468951652,105.95735851526757,28.158734169254565,27.972867550269946,15.346549237699328,15.51293706170652
1956-10-01,28.650559482154573,28.272007074528734,17.262960271566605,17.13578047437555,4.800054317612522,4.55891506059776,108.12655049954722,105.72009431164292,28.37509140838185,28.10290458856005,15.48577119492413,15.55820548912101
1957-01-01,28.759696535608544,28.355873510495574,17.257140265371927,17.19660706907897,4.758479396311416,4.563480968345735,107.9489210876277,105.45963222748917,28.56540391236314,28.22925956122312,15.525016574794819,15.6050629193978
1957-04-01,28.613759057955363,28.438439449419285,17.226510447653244,17.256896268366717,4.722656907850491,4.566504802341739,107.40664601921952,105.17993430718653,28.729642874736932,28.351449069330553,15.465817708185524,15.654016901890301
1957-07-01,28.794556006802846,28.521357232581074,17.340149006161383,17.317315698777183,4.764502448484287,4.56886416726465,106.52299916439291,104.88646371161919,28.863822080461293,28.469194657469536,15.621838500401076,15.705531411437839
1957-10-01,28.38767914984099,28.606408513894046,17.3583881266658,17.378523276173265,4.247116364265249,4.571535270742823,103.92311955759482,104.58600066481793,28.991135693248467,28.58245296438007,15.626364334492846,15.759958246725567
1958-01-01,27.55898266260122,28.695567412259088,17.087347320221028,17.441200618381494,3.933376637454291,4.575616648042663,101.2638338861924,104.28626068037534,29.001827360691294,28.691429858029636,15.425980152047527,15.81760241208516
1958-04-01,27.668714774604073,28.790695589983496,17.165896273946643,17.50602663937425,3.814298392742064,4.582000843596735,99.51778447137276,103.99445849851719,28.953378696862895,28.796592713219226,15.672655803549276,15.878690309352658
1958-07-01,28.229910493035728,28.892952102101916,17.30914584504373,17.573465620517876,4.183519558020174,4.591154106518904,100.43319644724653,103.71582259354655,28.8724184153629,28.898612501005047,15.911237577817406,15.943203650905225
1958-10-01,28.77870377648801,29.002795843897477,17.38762440558284,17.643773308184816,4.608751950881918,4.603023254700718,101.54176399629588,103.45268342493027,28.855608601221707,28.99826990252819,16.108510686868154,16.01099477303527
1959-01-01,29.22164352394853,29.12027478860321,17.719139315427956,17.71704258483411,4.762109233853983,4.6172909640592055,103.12149855747963,103.2052783992756,28.947253969993685,29.09634106141004,16.17517060094562,16.081894754890623
1959-04-01,29.769950399019056,29.245300591289123,17.970944777208793,17.793206163690467,5.091079428635677,4.633643454233961,104.68412586510576,102.97264870977497,29.07574974950126,29.193523324005668,16.29309349618344,16.155794193708545
1959-07-01,29.684168663725266,29.37785161636539,18.133025660573004,17.87219777740365,4.7268836023941585,4.651855137737002,104.00536534503351,102.75379765978383,29.285182604817614,29.290429659655732,16.274051305875336,16.232641371624602
1959-10-01,29.674758149850934,29.518238036107785,18.12383327774153,17.954062276392218,4.857318906843931,4.67197389588617,103.70429211262133,102.54879850095128,29.40788030150277,29.38760707443453,16.275742551402406,16.31247077308684
1960-01-01,30.137636485601114,29.66697253516119,18.12563502304758,18.039009412759512,5.358093308341417,4.694097328156444,103.64954716790157,102.35850327981976,29.451993123002175,29.485606573570774,16.526619727044096,16.395344533501742
1960-04-01,29.89051871085539,29.824681353957413,18.351943224469295,18.127360349108205,4.811385779627155,4.71844166625503,103.52977701220188,102.18447875619468,29.736652664012016,29.584999273321703,16.348299829242958,16.481303686440505
1960-07-01,29.94174047339389,29.992304322220583,18.226461859638892,18.219498086254063,4.740210329965219,4.745622408564562,102.62375828661025,102.02908699819879,29.863561516630664,29.686342867845642,16.445615726303384,16.57047355048791
1960-10-01,29.453719784998835,30.170850176178366,18.212336050486122,18.315955613732427,4.141809221502278,4.776331114591578,101.32950865301147,101.89551749820164,29.958542788336775,29.79029801885856,16.293461307357703,16.662898628775103
1961-01-01,29.54399242484528,30.36132707083433,18.13344943829239,18.41728326170765,4.248665251926584,4.81127948618449,100.37846785561959,101.78732499470746,29.897148535199886,29.897646163435777,16.455693891924508,16.758546034292447
1961-04-01,29.94863867093509,30.56431777355752,18.299534943240005,18.523980002456764,4.534142331107306,4.850776057782757,99.82625425183413,101.70771193226655,29.877173353068507,30.009286229938912,16.744915339318805,16.857146657496756
1961-07-01,30.430332930248237,30.77990499207995,18.351131536750156,18.636378096756612,4.873718571231183,4.894768503853048,100.10995676371752,101.65900723511727,29.93364393068033,30.12613132169267,16.971663859323066,16.958232283323714
1961-10-01,30.97824057892152,31.007788376249326,18.652346246214183,18.754677911894365,4.9582834582126365,4.943002947353572,101.21601184336116,101.64237584647883,30.117324471511143,30.249027018016765,17.117597896322874,17.061252436015494
1962-01-01,31.480907847171608,31.247443424891987,18.804502063337203,18.878905938000642,5.197627924310592,4.9952092137504795,101.43056018941105,101.6580359250638,30.315851307550833,30.378713342648094,17.33152967413282,17.16565169756223
1962-04-01,31.648520257848993,31.49831690531423,19.001679500677476,19.009027239370376,5.097893285188609,5.051120778001911,102.2583913045471,101.70596920020941,30.5031435659225,30.515862808907546,17.29466999677959,17.270896450846465
1962-07-01,31.892269526723783,31.759990294538675,19.078638933051995,19.144961254902793,5.140240378083742,5.110589763938897,101.58318421739536,101.78604558915822,30.63165851308179,30.661124038997283,17.477341160094714,17.376544233758274
1962-10-01,31.816934522555385,32.03212989733739,19.259045924871682,19.286622700100953,4.934981769350689,5.173493725077322,100.39492383405191,101.89851002670252,30.733759263799453,30.815154262532587,17.54947001251132,17.48215667888966
1963-01-01,32.00822347192697,32.314477036155125,19.27082755173667,19.433883506358285,5.132719166526603,5.239724856205601,100.50420072330515,102.04351177159005,30.80296649259631,30.97861023116907,17.628617011566394,17.587348378120108
1963-04-01,32.22794299207588,32.60662825001245,19.365516253160628,19.58659569180718,5.202000795780742,5.309014208666685,100.71184206550257,102.22028172864098,30.936621848956555,31.152116719951085,17.698991738851404,17.691767373802353
1963-07-01,32.80151775161408,32.907970488750834,19.61614683722024,19.744503785738058,5.32464011618054,5.381009293961308,100.57243257879229,102.42710171797228,31.089133668481924,31.336207337944952,17.999208312544543,17.795079862142344
1963-10-01,32.8776578779814,33.21762545305716,19.610265159156935,19.907203547803753,5.389078582805936,5.455268339687072,100.92877389893256,102.66131208755813,31.263011198666195,31.53129817878064,17.964459001371722,17.896949480318504
1964-01-01,33.42928130270235,33.53461289969249,19.942172177406995,20.074195796758392,5.513504218486016,5.531287456721197,102.58676603428165,102.91907540165576,31.44696275261121,31.737665601091464,18.036361184239944,17.997161374392647
1964-04-01,33.65918407581448,33.85769582691776,20.21195631705522,20.244774206713892,5.481196724334313,5.60849033057672,102.6282099041539,103.19543434482566,31.661838174113008,31.955429444039833,18.112414651625862,18.095539583654894
1964-07-01,34.03777561701361,34.18552024323047,20.481855000698005,20.418123592436363,5.539793312033507,5.686255679085112,102.84317963912014,103.4851796167264,31.850704905065022,32.18453433663709,18.253209297573232,18.191930305049024
1964-10-01,33.99306259251398,34.51655073178731,20.42487199753579,20.59337911401148,5.605265752313686,5.7638443980401215,103.3902800142507,103.78269127163296,32.04432747463173,32.42474225425159,18.12797846166498,18.286188494647437
1965-01-01,34.67133361491022,34.849096357030554,20.756284482922148,20.76968589558597,6.112344694545715,5.8403823560707595,104.55107038581805,104.08188175883797,32.25398418393436,32.675600231264,18.31414528761449,18.37820621433566
1965-04-01,34.966260512322144,35.181064244647814,20.909238709627157,20.94605174109356,6.084070237255119,5.914848421078858,105.1607925765985,104.37634631674842,32.58638753201166,32.93640231399277,18.334341282749694,18.467774617714195
1965-07-01,35.62550019563591,35.51016921761364,21.19511944677431,21.121442313871757,6.239477193646356,5.986345230564548,105.07278689069513,104.65990245800239,32.9234780846897,33.20615312877785,18.622977171134718,18.554641978292267
1965-10-01,36.32486371371385,35.833907033096494,21.635934563381493,21.294766195436413,6.2945897639545345,6.0540478343184345,105.71771082801658,104.92679470203869,33.286415630871936,33.48360235477265,18.84075474006275,18.638469244622225
1966-01-01,37.110467825955254,36.14976263627345,21.925627033434917,21.464945024878524,6.725023010833707,6.117264774626205,106.94338517223161,105.17147523453964,33.67205062303449,33.767277417737006,19.02767961304968,18.71895641939286
1966-04-01,37.13208315378637,36.45545410902519,21.91947072261904,21.631084469065982,6.619399792854115,6.175441578742793,107.68828912834805,105.38885257759131,34.147441065523346,34.05552912185351,18.860284873045828,18.795927620876583
1966-07-01,37.33937139648095,36.749241321315125,22.062326921120242,21.792556809726175,6.523335847956894,6.2283891957345405,107.88531289240464,105.57491592817202,34.577743754945,34.34658986680199,18.860207404117006,18.86939968522222
1966-10-01,37.53514485261179,37.029774312133384,22.074197693598403,21.948903475093356,6.569873290208943,6.276202906819484,107.29693475332496,105.72707944775009,34.96402602264274,34.63868864602675,18.95276774588424,18.93943285859375
1967-01-01,37.741528305743174,37.29605689019049,22.10014457693362,22.099829621427517,6.384857787971013,6.319181029950401,106.82594013923645,105.8442065957035,35.336502758579,34.930140079995965,19.040798882942838,19.00608504257999
1967-04-01,37.62405550390181,37.547407942633306,22.311555986260498,22.245118798411863,6.093313425014375,6.357826904687388,105.7874885421121,105.92616641341957,35.63420032956732,35.219408554746195,19.046432963591567,19.06942574499118
1967-07-01,37.79376611254198,37.78343502962096,22.308347979907264,22.38455659579111,6.2390969631127495,6.392709705738366,105.6219338853172,105.97347443840982,35.80611327519432,35.50516653877078,19.119599220904995,19.129549475172585
1967-10-01,37.905022401212484,38.00381108398438,22.286556363407982,22.517972829911194,6.349605897408926,6.4242497019287725,105.62227486636,105.9865948916356,36.02161960483446,35.7863092283668,19.135611301664763,19.186539566175277
1968-01-01,38.52825508346464,38.208234492069096,22.72144600318329,22.64515267330872,6.452028575458704,6.452784352188722,105.40196957619989,105.96580559988432,36.2799715136657,36.06189252478481,19.427997634440526,19.240476035896013
1968-04-01,39.03925570968575,38.39636094334136,22.980976160715002,22.765737214050628,6.641040580626175,6.478615259814765,106.04924542858703,105.9111889626366,36.57274763119837,36.331098856715684,19.55240775913802,19.291409569284543
1968-07-01,39.18253324200049,38.5680664752412,23.32931305343023,22.87941604026068,6.415538424751517,6.5020527165742745,106.36393229205297,105.82250682191813,36.87666444531629,36.593232056318136,19.529759313832084,19.3395103298867
1968-10-01,39.1497956767541,38.723652400703564,23.25365130092357,22.98601613583605,6.501576555473476,6.523515846422577,106.51776751338149,105.69964073080587,37.08804432125245,36.84773739834034,19.4561581860213,19.385114540501142
1969-01-01,39.58544942018423,38.86383310289726,23.39272244655665,23.085650781071095,6.8698301328217095,6.543376953791689,107.03443606487089,105.54284281853495,37.32323697202471,37.09423316824641,19.567544686043142,19.428681726776702
1969-04-01,39.544396036634325,38.98962197995481,23.44936204571928,23.178611150858426,6.769090432145564,6.562000683686372,107.58607483546679,105.35290487345998,37.656574083880464,37.3324890786946,19.421511454426458,19.47072096857592
1969-07-01,39.634642798773406,39.10251421577241,23.42107246139278,23.26539274907796,6.832996471617624,6.5799570732130235,107.65557842308758,105.13156779605023,37.94460184246714,37.562423483088246,19.405842392879826,19.511833170882035
1969-10-01,39.25113816971902,39.20438402411898,23.4636393807363,23.346674432337718,6.486976824277489,6.597950999494091,106.83235055293416,104.88196333147843,38.21677907996677,37.78416674127787,19.2659450774239,19.55259367438143
1970-01-01,38.98887386019348,39.297468795229825,23.42911604297595,23.42324741494299,6.23528971771186,6.616851213249035,105.86479040148417,104.60877088253447,38.3790206204838,37.9981021171359,19.222201691266,19.593516022812747
1970-04-01,38.83772403792101,39.38406435946482,23.34429662584282,23.495990639024452,6.238596533478625,6.6374662736208645,103.93272720774385,104.31784252089338,38.466778267406085,38.204901964441184,19.362816421499414,19.634936837522805
1970-07-01,38.9737052910693,39.46629696057693,23.450489228502825,23.565800426797182,6.240621591403522,6.660368462585964,102.8367117650127,104.01575429653926,38.538425980393235,38.40550007433637,19.55222966336202,19.676960302995905
1970-10-01,38.331193278210776,39.54596770493986,23.245060559666015,23.633489851070227,5.871608332765108,6.685880770276266,101.4643683177094,103.70877325129663,38.6020819050082,38.601020581511094,19.387355539685036,19.71951951555578
1971-01-01,39.153178957588224,39.624582206450896,23.426111480262204,23.699809705193392,6.53595774199157,6.7140604481323605,101.36626074751905,103.4023583149653,38.581470292105664,38.792698699903255,19.81926446918963,19.76246846599799
1971-04-01,39.140802512533654,39.702884171571064,23.466283269018376,23.765273600657764,6.679762286692094,6.7444209277533895,101.1236102185687,103.10049465644695,38.72237909600936,38.98179786930556,19.81858520486928,19.805449593930994
1971-07-01,39.24612499322968,39.781325693361644,23.51414995571603,23.83022808193628,6.733600971305328,6.776354915031353,100.57140267927427,102.80584331075082,38.89994039958788,39.16947436848383,19.910860375509337,19.848137823702956
1971-10-01,39.116369833989495,39.8600072391605,23.71829018103359,23.89483453028163,6.520320604968079,6.809203581327425,101.07103459131478,102.51979506476086,39.07873281373573,39.35674352822586,19.749486919763946,19.890213534840495
1972-01-01,39.38729585184048,39.938691965493845,23.65102440752979,23.95905620012814,6.816327219266854,6.842268524386982,101.06644744703782,102.24232227526936,38.978320765990375,39.544469923680644,19.904777291222057,19.931393767263543
1972-04-01,40.070016309073054,40.01667014602911,23.96425357214588,24.02274466465697,7.176265021384092,6.874651475724894,101.26716718337096,101.9724919336431,39.19083032346948,39.73335875404173,20.185249792775558,19.97130473019008
1972-07-01,40.235432252337105,40.09287818623353,24.186758450114812,24.085555201558787,7.266948690494911,6.905420956944909,101.30527100947435,101.70864673140088,39.48293942792459,39.923768878810016,20.21102447429712,20.009553182687334
1972-10-01,40.71400108631516,40.16627805354787,24.525202194889506,24.147102829714704,7.344215060234627,6.933815991671918,101.8814147616262,101.44870714073437,39.807223350725685,40.115721255697466,20.31791770161223,20.04587679704449
1973-01-01,41.50760221979298,40.23591393397022,24.859753888989935,24.207062323266584,7.663157513537094,6.959287492665419,102.87710133301825,101.19036382388657,40.12378266760464,40.308957402085206,20.5264396156265,20.080137656962272
1973-04-01,41.742425275929016,40.30116556568756,24.815020924515746,24.265341240881803,7.917995914314975,6.981532986843961,103.41653712714485,100.93159943777674,40.50707074392586,40.503018294891675,20.504169910742235,20.112367031037348
1973-07-01,41.310234701704346,40.362195062802975,24.745062168735743,24.322251153463828,7.615742426881572,7.000672360588169,103.5792123350815,100.67145741056025,40.939354929889724,40.69731884233445,20.195979579611492,20.142873826369737
1973-10-01,41.49190517730041,40.420054672198525,24.561069370343834,24.37844823646781,7.893666825591899,7.017383461568471,103.57298410546815,100.41051749920933,41.28421749007526,40.89126525669516,20.22611816990792,20.17221262581187
1974-01-01,40.92492846542054,40.47639104552089,24.476538232130896,24.43485812658953,7.364933237332071,7.032724057945668,102.61930995269293,100.15113592270917,41.68258159171453,41.0844048138748,20.00270402609032,20.20097481162805
1974-04-01,40.81338036640965,40.533523472713924,24.551737442035787,24.492529327727496,7.399248389090818,7.0482810239855755,102.37520979851702,99.89758073002834,41.93561606009997,41.2765232577011,19.93681071148895,20.22978900680459
1974-07-01,40.22569371496301,40.594064050038696,24.47733924111856,24.552546495764954,6.988143742971763,7.065859438342468,101.51783931034313,99.65559359488964,42.19111753015505,41.46777737242314,19.71548413965082,20.25916255682211
1974-10-01,39.86949261947247,40.66081588497628,23.90354134297633,24.616042473157872,7.011933759254053,7.087498761377455,99.36060747700493,99.4323855115117,42.334727367078195,41.658739740644975,19.792077693374353,20.28942078509278
1975-01-01,39.193616688587504,40.736370494116095,23.892566638427894,24.684115505295946,5.9248443296904805,7.115219277383989,95.8196396006932,99.2362586716404,42.48566167509307,41.850446124577246,19.89614149144133,20.320545546411264
1975-04-01,39.287737585773556,40.82284172594748,24.107074683802686,24.757423381718638,5.786204999842344,7.15103712622468,94.49533035653715,99.07542215264954,42.365327688635496,42.0443744581798,20.14514494193012,20.352202984765015
1975-07-01,39.734332906573975,40.92138127963659,24.335588275433093,24.83612840142728,6.1627698893217815,7.1962077777796445,94.81499410538481,98.95589616536273,42.17444600212226,42.2424278323075,20.361622330244476,20.38378831012168
1975-10-01,40.07136239723628,41.03217840900494,24.477785811034554,24.919983209931452,6.282755192276079,7.25108932444099,95.95736902153324,98.8807927664156,42.11695335856148,42.446747244603166,20.384828520155004,20.41456251071482
1976-01-01,40.7773700577854,41.15467725225214,24.861001065152603,25.008421545666536,6.82363370881727,7.315375391499317,97.07076629512041,98.85063011178383,42.09755849942929,42.659473254246166,20.59233515558325,20.44376828447846
1976-04-01,40.89265602226944,41.28771310504919,24.936075543365998,25.10059030766271,7.1152610406479555,7.388117158426888,96.68761333731352,98.86413192797195,42.22526570565166,42.88258267953952,20.681771613210675,20.470625649318553
1976-07-01,40.91879140993375,41.42987520221972,25.134101892748436,25.195532034205186,7.120865433992022,7.468026164095636,96.60739589306974,98.91895691077254,42.406916353955005,43.1177404461725,20.675071131791583,20.494443975173162
1976-10-01,41.03263134298531,41.57948894896437,25.29510460748117,25.29217146402417,7.162726240276832,7.553594721394729,96.69755715073931,99.01143479443566,42.59973198594836,43.366235126164405,20.687151249739102,20.51466221195922
1977-01-01,41.33760092707071,41.73453526639182,25.530580328866332,25.389378252075932,7.489749318549904,7.643025184991824,97.29168425891727,99.13646222646446,42.7984286153015,43.628938954127975,20.724311546377397,20.530831455849544
1977-04-01,41.94394009359808,41.892620040040434,25.6240669595577,25.486006463279093,7.950585014363695,7.734178882066101,98.6731674235541,99.28747793485662,43.05756586535662,43.90626406808749,20.79248107079321,20.54261115777149
1977-07-01,42.49247481090427,42.05106214298348,25.812827586911308,25.58098142797889,8.30672780032553,7.824714403331289,99.24765397750188,99.45673673927733,43.41289289553067,44.19811049245784,20.924790114675112,20.54978315858674
1977-10-01,42.30392169676248,42.2071720958499,25.895292491028258,25.673299564219462,8.254470943376333,7.912316999008419,99.78033348194205,99.63606698973004,43.86272579810307,44.50384035893396,20.684820048425706,20.55228731237973
1978-01-01,42.25822870155906,42.358497337150936,25.976448341186583,25.762089087261323,8.341278932434388,7.994872261151741,99.81483883347212,99.81711165771227,44.289812503418226,44.82230227523861,20.587894054359197,20.550298872923737
1978-04-01,43.70164908431619,42.50261272511519,26.453499325523186,25.846606953209072,8.820125994396998,8.070404528196818,102.27865512294187,99.99154420307822,44.72117147132326,45.15190677154717,20.88535017381922,20.54407858421477
1978-07-01,43.93942937479916,42.63700083071056,26.458784843022155,25.926237084653668,9.032939547647219,8.137102265825806,102.67410481009465,100.1509794133139,45.244553748602044,45.49068011919394,20.861253699449904,20.53391305721939
1978-10-01,44.32383971412545,42.759862653721314,26.508134505748238,26.000736098501577,9.22919363772075,8.193582323973319,103.43267422288275,100.28840139136611,45.79685373268387,45.83631516763128,20.854566302063265,20.52030202500634
1979-01-01,44.20433944842571,42.870194320815685,26.543160897457085,26.07019262313734,9.199298475442301,8.239003335161415,103.71061562868695,100.39832939502686,46.385850523486965,46.18627713195226,20.669438808464008,20.503948499758394
1979-04-01,44.06528787316525,42.96795787481206,26.488264019724003,26.13501538947339,9.17091319082392,8.273168768272495,103.60410336699685,100.47721765410896,46.95817918440108,46.53792735222473,20.529882059144636,20.485761464490853
1979-07-01,44.19014388008789,43.05395163717885,26.701742842467052,26.195914596756555,9.038606554665934,8.296499673081724,104.07405852019964,100.52357560719867,47.485448350274915,46.88867222344081,20.447509002661157,20.466750220231887
1979-10-01,44.07300510130444,43.12967093614285,26.778817591591636,26.253829684020577,8.864733789915782,8.310002508169896,103.77395380453326,100.53786642940943,47.93142708826908,47.23610580040598,20.364882232015727,20.44794806080469
1980-01-01,44.02370805006194,43.197333496579006,26.86232634716824,26.31002439198898,8.75098861643722,8.31517373392838,103.08510005187294,100.52276531762237,48.36120693073636,47.578129428941814,20.36662619740101,20.430372515214312
1980-04-01,42.94826283684592,43.25976174269577,26.17292763585579,26.366100266239368,7.9728168645193955,8.313877851395034,100.82874736681777,100.48296285180894,48.76343605244918,47.91302616627663,20.098634714147277,20.41498581997261
1980-07-01,42.720576423229225,43.32031045224826,26.378351909874986,26.424015782901552,7.404111451188232,8.308261883839426,99.9537050112626,100.42474276247597,48.94571321646249,48.23953012451197,20.079435125668333,20.402707993109136
1980-10-01,43.3670613460984,43.38215814315709,26.60910246775482,26.48562513088951,8.010471766124573,8.300259270945258,100.94797208455103,100.35460255839,49.01301993104223,48.556883919811675,20.24283544567417,20.394258940000405
1981-01-01,44.06340533577577,43.44812309855095,26.596153261805966,26.552772105636958,8.735671098601735,8.291202576005773,101.17859628198738,100.27873320980409,49.22885818856769,48.864764339389275,20.505828443796684,20.39015573336176
1981-04-01,43.59346155290966,43.521032040811804,26.431830182518794,26.62739914749606,8.40629197548391,8.282235565340834,100.92381095448089,100.20367829992013,49.62601277388293,49.16313793141956,20.263338819442584,20.39082261798269
1981-07-01,43.96609997469932,43.60411635222588,26.403035872856496,26.711502657944408,8.795582394330761,8.27476726392753,100.52639268797078,100.13652129499442,49.92229541070259,49.452210347032626,20.446387607574096,20.396759166057322
1981-10-01,43.34023362791739,43.700683085057484,26.082822718584392,26.806988785707443,8.499371076065147,8.270278999318366,99.74967766386759,100.08477584307096,50.304723220880575,49.73249324713713,20.20316946122797,20.408389374708477
1982-01-01,42.541162925192964,43.8143051585785,26.16878223560076,26.91560732482435,7.643684635633388,8.27056679858517,97.78141196918031,100.05618838130748,50.62101631790942,50.004814510847176,20.045216928354158,20.426173765258113
1982-04-01,42.605366879495556,43.94838168822117,26.080598375054986,27.038689396086372,7.590532121030138,8.277574885187981,97.93338565602609,100.05829981269392,50.708315366522136,50.27038722551094,20.04312326248452,20.450450558055028
1982-07-01,42.319032065212994,44.10556465515178,26.219588597432107,27.177131650092722,7.454200560491926,8.29285920269177,96.95162546296221,100.09723712197994,50.78598036314159,50.5308430796501,20.028497549342024,20.481324498989498
1982-10-01,42.20743230181092,44.287716149448336,26.614754358519836,27.331254162489458,6.813131206850143,8.317558648344287,95.75731619387398,100.17782937223384,50.8206546500751,50.78812716452083,20.13246103442599,20.51864915102577
1983-01-01,42.650080000403335,44.49561559656754,26.824594604212376,27.500789517984618,6.944026881291715,8.352298290328935,96.08420945775163,100.30296760732647,50.71385694973232,51.04438742488779,20.313535310863877,20.561995680429092
1983-04-01,43.507881207654975,44.72875065915229,27.346308445618533,27.685024274536353,7.461730101775235,8.396700200676323,96.95232162769972,100.47277984482187,50.64578622664655,51.30183689224417,20.61098446296905,20.61069216163416
1983-07-01,44.25195589348655,44.98544373954322,27.827300116779366,27.882809361031086,7.824011526328372,8.449435320634322,98.611211183723,100.68474950523974,50.69803264796229,51.5625242513341,20.72608593821008,20.663907518431998
1983-10-01,45.046188382914735,45.2632266110294,28.163420764009565,28.092760205124744,8.52912087744629,8.508537739253377,100.17423941049645,100.93414227221392,50.836517979751775,51.828122980099906,20.86358265521145,20.720805295130162
1984-01-01,45.735864435569205,45.55912510890422,28.29972836169567,28.313424713688935,9.255556493816997,8.571588665031596,101.66760774301574,101.2149036775334,51.08006116138771,52.09979063058624,20.945175681335677,20.78058080376506
1984-04-01,46.408341633742694,45.86996481241617,28.656541947885675,28.543355885650115,9.478128251120769,8.636115907079818,102.73047413720823,101.52046303918763,51.578694396047815,52.37807702818539,21.038302253912768,20.842510667784968
1984-07-01,46.73119273145249,46.192605065362216,28.759240435315828,28.78105410882756,9.597981143457032,8.699990712980492,102.90188273187846,101.84447350802617,52.10861580804495,52.66289368028292,21.0861441356292,20.905966559715246
1984-10-01,46.97184353116157,46.524159840266464,29.005869240271867,29.02504259262496,9.417362377960847,8.761530797753412,103.25728332717709,102.18127417227419,52.63004344263776,52.95364161645511,21.073717337360645,20.97043529346545
1985-01-01,47.3228228141327,46.86200043082756,29.48897999338,29.27378018414898,9.059947004082954,8.819549957484432,103.85385535466514,102.5257956812998,53.13218149718661,53.24935666245605,21.08164821831929,21.035510244999095
1985-04-01,47.62590387730494,47.20370347271678,29.738019762945285,29.525659526640343,9.171027676091656,8.873236028958273,104.31356555857805,102.87357521633126,53.51757052870227,53.54884778804016,21.102396670492293,21.100844531354436
1985-07-01,48.22630061948743,47.54706450946464,30.27792169746647,29.779152937789995,9.038441386963932,8.921914690947764,104.33262355677353,103.22091972102122,53.90438053307454,53.85082262042496,21.31210005015396,21.166115922453304
1985-10-01,48.44169587418534,47.89008070057875,30.29612999020965,30.032813931223743,9.369247698220747,8.965091532505701,104.5465483177815,103.56498592859019,54.22648042356396,54.153939407063106,21.334272597542473,21.23099917497593
1986-01-01,48.65340613231382,48.231119214113576,30.475448827921785,30.28546118602609,9.319235123716151,9.002346969633585,103.88237089445673,103.90358880785817,54.5114388453164,54.45685973074741,21.47702739054123,21.295256584479556
1986-04-01,48.73834203148752,48.5688498313778,30.575322817597204,30.536041422938883,9.170454448728433,9.033516085036766,103.31645833094302,104.23513057203961,54.89279512812112,54.75826112505209,21.53842787939424,21.358712452800738
1986-07-01,49.06485232814071,48.90217423064922,31.063871184432827,30.783589171748808,8.900373193285914,9.058640809922782,103.54377413192665,104.5579817699531,55.21788288906718,55.0568269538421,21.607065607726952,21.42130294533418
1986-10-01,49.18395658103105,49.23007497074804,31.181271338422878,31.027136099937017,8.892079599867646,9.077861883797496,104.01791623538745,104.8699154376249,55.45999368992919,55.35129810636792,21.562247727052835,21.483076179447597
1987-01-01,49.37527976205101,49.55161505403426,31.19587515717738,31.265865066255525,9.109302239820073,9.091233309496733,104.94506215922215,105.16804146441307,55.65930828899258,55.64049230117238,21.49462304904065,21.54419728505012
1987-04-01,49.764279927648886,49.865809663085564,31.61500425110446,31.499037214638303,9.055720586364705,9.098703465637737,105.24330189784716,105.44890530288981,55.94007264992286,55.923274211697446,21.585994616905072,21.60488309763136
1987-07-01,50.061380700753965,50.17154410089616,31.949531864937743,31.725854098869508,8.98282404380072,9.100243395761353,105.69254936240367,105.70888419448396,56.20896176287327,56.19850135067113,21.618513827758964,21.665321803637926
1987-10-01,50.795394935828114,50.46762011930318,31.959307984318635,31.945575565766028,9.599803573161019,9.09580878838181,106.52184183232612,105.94420306326352,56.4623131710118,56.46502440004585,21.790012329632585,21.725691876706595
1988-01-01,50.919643883553114,50.7527509265746,32.43739930536924,32.15759112090414,9.118986331701274,9.085293379573525,106.33024820412192,106.1510601467366,56.84567058358697,56.72168500015494,21.817155815901796,21.78614435854412
1988-04-01,51.470503663167555,51.02583816966623,32.64452894664069,32.36129257739868,9.267849478466365,9.068909145316152,107.57865136613083,106.32600781427335,57.12018116452474,56.96730936939382,21.849620881243563,21.84687234711776
1988-07-01,51.645340921699585,51.285877679437874,32.86614478766058,32.556243200515,9.2091416741786,9.046899235337703,107.60498627330205,106.46571599900035,57.413455805252624,57.20079007970373,21.88109751041083,21.908090571666065
1988-10-01,52.21724648476732,51.53213821130245,33.21453293707748,32.74218519203014,9.310485382785133,9.019637803304553,108.56994766214873,106.56765111949359,57.693903430324255,57.42110764657171,21.95791182611375,21.970017896612323
1989-01-01,52.60044630159962,51.76411537942084,33.31086503728763,32.91906111039192,9.596559067503614,8.987604365965957,109.3516055631067,106.63001834838475,57.956875117177425,57.627371700585364,21.981136212874635,22.03285869551812
1989-04-01,52.88623561590893,51.98174028652506,33.48714439383241,33.0871196005311,9.432865304341213,8.951457896192018,109.53545881090301,106.65230256193837,58.31792687201409,57.81886262894427,22.028511616458466,22.09681210049279
1989-07-01,53.15743231460204,52.18548100525308,33.68816274969072,33.24687067876206,9.300414460567206,8.912218963391632,109.53704784390841,106.63571285137017,58.6197887782172,57.99507109829436,22.101290774559075,22.16204706355346
1989-10-01,53.14388755369899,52.37639202676932,33.785173084710024,33.39909435192651,9.208104959124087,8.87118547553845,109.29922263172953,106.58327783725277,58.88113495645175,58.15580773924251,22.092474587735126,22.228691617696843
1990-01-01,53.296257207213706,52.556161913234796,33.92283006323497,33.544869143737024,9.173612285526792,8.82986916206834,108.76552235576963,106.49984528151262,58.76984302014265,58.30128543342,22.241143624168075,22.29683720367392
1990-04-01,53.37705033327222,52.726991649475416,33.883708792804185,33.68554041590065,9.0876688019214,8.789959096526424,108.07020284766384,106.39195115182011,59.00145132409762,58.432185349760424,22.33713920312421,22.366490601763385
1990-07-01,53.29005567246002,52.8915799834675,34.07928577857051,33.82271715970296,8.866310868512413,8.753323153140219,107.26400880024765,106.26752355468558,59.19137111484092,58.54950006177969,22.384346500703668,22.437623750680352
1990-10-01,52.66190515116275,53.05306969192199,33.92181748819286,33.95816158083656,8.30922540955353,8.721981843755701,106.5185792447557,106.1355027593244,59.29554788039243,58.6545963098669,22.207319995207047,22.510189890925137
1991-01-01,52.30404580868215,53.21489329969691,33.57033782446358,34.0938263137614,8.012804150811698,8.69800335361225,105.25219558157777,106.00540685774573,59.29129548155432,58.74925985448492,22.229106146305906,22.584108217956008
1991-04-01,52.60566002114052,53.38027874943102,33.71690919725911,34.2316726403724,7.955344977844706,8.68318487848619,104.37484692035659,105.88694639686047,59.2201389846715,58.83569432411123,22.48871673230294,22.659105116458164
1991-07-01,52.74208058300591,53.55191661369355,33.767418808144406,34.37336130440598,8.052266006320094,8.67889124614436,104.00880627097702,105.78931954278828,59.11210159381206,58.91645894586836,22.613029367745693,22.734678241859076
1991-10-01,52.78016695913215,53.73204237661711,33.70117467553425,34.52025415459663,8.246510367496263,8.686044301179413,103.5371585843545,105.72074943443828,59.012791769266336,58.994369573852374,22.709671259698798,22.810210916298793
1992-01-01,53.29430516354225,53.92241062067647,34.34300160313222,34.67335205859047,8.013842491235408,8.705204178570169,102.70242341806211,105.68833653189671,58.99823500688964,59.07238028409633,23.053851937239315,22.885001510094487
1992-04-01,53.751002084628425,54.12420017635267,34.52002326819991,34.8331526919018,8.415434191594361,8.73670053042612,102.88528827878469,105.69782645336386,58.92398902926884,59.153472500845744,23.23477582157916,22.95827590731353
1992-07-01,54.13624455356895,54.33821479152059,34.84770003063117,34.99995574181904,8.443325056824682,8.780464264601221,102.77135703399188,105.75311822978355,58.92665755947208,59.24059781732505,23.41779149906433,23.029356252333564
1992-10-01,54.534300058091546,54.56504094105875,35.159008562550376,35.17387055589803,8.63597043021006,8.836267595042262,103.12973377824702,105.85639101679278,58.91418496822935,59.336582361809405,23.538406366200512,23.0977298613153
1993-01-01,54.48700279658069,54.805153817938574,35.217100805394566,35.354914752024186,8.775533628188425,8.903705124552546,103.77027995909147,106.00800069635743,58.98139865545229,59.444076242560385,23.414182799547543,23.163121229529107
1993-04-01,54.677522818132715,55.05902438369636,35.48233630104009,35.54309923671968,8.788946485857352,8.982271187946465,104.70661264374368,106.20663819307546,59.09386241900176,59.56548827003083,23.343696528409005,23.22552745488846
1993-07-01,54.79445743748162,55.32693805385169,35.72647275212235,35.73835007939851,8.725045149281383,9.071394688073704,105.04524821739365,106.44962759461907,59.18680573076764,59.702963596870674,23.33173576102694,23.28510393638787
1993-10-01,55.38278431965307,55.60895124341105,35.94923112549298,35.94055525306049,9.105588870860785,9.17038530734232,105.7502433509496,106.7333753470221,59.2487059732003,59.85838092461458,23.471351042242397,23.34208303527131
1994-01-01,55.78733833955835,55.90479046662614,36.23079530077481,36.14959440619846,9.42123782882985,9.27831840888362,106.16491146886429,107.0534077837169,59.430599271736256,60.03332670180483,23.557448659872517,23.396729784166887
1994-04-01,56.41799115248546,56.214039457054035,36.45883322190418,36.36535135104946,9.847730725234475,9.39419893495662,107.63784046749684,107.40461313020681,59.69354162370677,60.22903709194551,23.574886705857338,23.449393574079686
1994-07-01,56.59542724202478,56.53620381482521,36.691009077690914,36.58775968206172,9.663421729388565,9.517081692030821,108.61760832224859,107.78127773911889,60.02609735344024,60.446401745712144,23.464481027745585,23.500528207526656
1994-10-01,57.08480927233605,56.87091104299104,36.957927180989515,36.8168115037393,10.011974818543749,9.646260278357028,108.75876686915846,108.17777178069842,60.29438900743822,60.68600436760246,23.61052601478103,23.550670487778483
1995-01-01,57.205220914233436,57.21782103411124,36.977670701208304,37.05256489633502,10.095976160001763,9.781084286951195,109.13600520683909,108.58891704033945,60.72301498618148,60.94819272493636,23.54868009263955,23.60033942000733
1995-04-01,57.256555870481165,57.57672360101534,37.26178223677027,37.29516941409329,9.848554454834504,9.921096776080944,108.74808374635137,109.00982626876679,61.11719989167842,61.23309348308006,23.5709869062997,23.650096016204973
1995-07-01,57.594857347925384,57.94739792926724,37.471370675408174,37.544731815139684,9.76951209943468,10.066011990844906,109.71513105099069,109.43588177477514,61.40595289849624,61.5407134688421,23.535346692419086,23.700473588252116
1995-10-01,57.82792278633788,58.3294163879122,37.61399706280033,37.80134124568699,9.933384293121648,10.215478052583276,109.69209173637768,109.86222863578152,61.65485470598313,61.87100568425047,23.60037423223225,23.7519602742507
1996-01-01,58.13756007965877,58.72211769281737,37.90845153187361,38.06504335566746,10.014264081222134,10.368925334721403,109.67797312278176,110.28411168636896,61.97351776245157,62.22385510376116,23.68595121927165,23.804944511672467
1996-04-01,58.9583439742554,59.12450460120283,38.31670688813126,38.33576650519707,10.410490884040533,10.525562272246992,110.42159584504729,110.69659624060938,62.27690323468448,62.59902417124652,23.8742376362041,23.85972290037736
1996-07-01,59.317879634659626,59.53518046670295,38.47703284872809,38.61333782322911,10.75524876372707,10.684313608963647,111.02315177033614,111.09429409924898,62.64784708222576,62.996126464160824,23.885451678644216,23.91652013474656
1996-10-01,59.75384526883998,59.95260385829948,38.723612562959886,38.89756740556037,10.707722948987033,10.843962027634833,111.93627948013582,111.47157304497178,63.08030374171661,63.41457519917011,23.875681350429815,23.97557252141838
1997-01-01,59.85997831300358,60.375051132713004,38.89022654554938,39.1881729950297,10.89738491228323,11.003262126327195,112.37945717179257,111.82269166019606,63.382251752175364,63.85355875502042,23.816896521793584,24.037099627549424
1997-04-01,60.72514256695167,60.80062269660976,39.001090948206816,39.48475291029838,11.335626070794124,11.160809081146985,112.67980423437419,112.14214683460689,63.87811400303164,64.31204046565306,24.053548811981496,24.101260938382566
1997-07-01,61.322504341341656,61.227036547240196,39.493965009861355,39.786702915558244,11.504847958139033,11.315054827201614,113.06543239198503,112.42474882682905,64.43715604548993,64.78866150321633,24.16248266536827,24.16807926171237
1997-10-01,61.674091288131514,61.65189846822383,39.847331275631205,40.09309060681523,11.570375053257994,11.464487448503416,113.27994154539496,112.66562863811542,65.00709005209193,65.28175176622084,24.196405058934058,24.23754829093958
1998-01-01,62.153112481622784,62.072809169045215,40.10601872127752,40.40276734808118,12.003215050051686,11.607651721777913,113.717957477394,112.8603221390157,65.6085115169283,65.78936953359741,24.244974736509104,24.309658761255843
1998-04-01,62.57224260582199,62.48732062098753,40.68773486897039,40.71439154063805,11.829641057119373,11.743108782132746,114.03291704869356,113.00477385462656,66.28081266813939,66.30933880633978,24.277844826101326,24.384376014114814
1998-07-01,63.182185321548154,62.89297521314698,41.055487332749166,41.026390448039,12.06428866464973,11.86962853854579,113.87069828213383,113.09550775284369,66.86443255969037,66.83929901187257,24.462021745594818,24.46162480433442
1998-10-01,64.00732564216199,63.287312922875714,41.516221902351255,41.337126144934174,12.375615590249874,11.98601544816514,114.93830842114636,113.12975123776891,67.47402943752276,67.37679415536539,24.553507273664305,24.541262296653542
1999-01-01,64.36478231421471,63.66800535659578,41.7307423128651,41.64493056857274,12.672761001649402,12.09118726665609,114.3362938595848,113.10529345759691,68.08617690998062,67.9193029824053,24.69686354797459,24.62314448603887
1999-04-01,64.72898777566414,64.03313487941466,42.336153110581414,41.94820180633276,12.559164871891214,12.184308917139422,114.65504065308676,113.02113491602356,68.82469504336977,68.46428281898882,24.69827173057381,24.70713350728109
1999-07-01,65.3940204752823,64.38119488930366,42.76942166005592,42.2453498465834,12.784528417300177,12.264924428891275,115.05459336194328,112.87713631085012,69.49030542861276,69.0092142319341,24.811943760643505,24.79313622428303
1999-10-01,66.2704650124136,64.71110260637576,43.28953190429519,42.534990488162116,13.073781508613639,12.33284518306374,115.19215194771783,112.67426523685894,70.18728985765416,69.5517263196451,25.037356567765745,24.881052861193247
2000-01-01,65.59143705712238,65.02240847033417,43.40037943590863,42.81603955782941,12.79180633494719,12.38824483279372,114.13041062538333,112.41491927182344,70.15795337959179,70.08968038331147,24.93406755011884,24.970794252064078
2000-04-01,66.57913151444122,65.31564792680128,43.60708578905597,43.08786744259765,13.48631979502132,12.431796210242387,114.08188938946886,112.10311229996273,70.82320863086886,70.62127759534194,25.233041932835967,25.062368190399916
2000-07-01,66.4353390498691,65.59174379024562,43.91167900054734,43.3502064869269,13.263476494824399,12.464469338122816,113.71097340912706,111.74395259306856,71.63136455121379,71.14471442129823,25.131897716358605,25.155759583128926
2000-10-01,66.63151478305718,65.85244138858816,44.17482816435015,43.60311990656112,13.199103620253135,12.487911725139616,112.93839846734312,111.34377020946647,72.36744702792949,71.65827029256002,25.22762075826516,25.25106034972993
2001-01-01,66.24479502924542,66.10005702182838,44.25901225851564,43.84703569422098,12.472556767791223,12.504292752627677,112.62351217131972,110.91007024601497,73.09620290455047,72.1604930093162,25.038798358340284,25.3483489076775
2001-04-01,66.4615819026887,66.3374410535305,44.15879565564767,44.08276007413711,12.372006257779756,12.51624158462916,111.19201989136367,110.45126405799742,73.58621711956934,72.65034927318865,25.27131584703569,25.44769026500369
2001-07-01,65.98437440040996,66.56758364867503,44.02065326778695,44.31138397584068,12.10920564697245,12.526384788580287,109.5115089765585,109.97670496072305,74.0166165733453,73.12738036303031,25.2877872371047,25.54895440867287
2001-10-01,65.95425047005078,66.79359915148149,44.46656909322486,44.534075621308524,11.446157855814612,12.537268754283728,107.90907428841246,109.49605791834865,74.3653870546915,73.59171854929171,25.477635342026733,25.65189787003483
2002-01-01,66.33693545175119,67.01827785937812,44.40126990904033,44.75184764773033,11.766118294079936,12.55118337410194,106.75985710041527,109.01853603460142,74.584469128805,74.04407274865657,25.77787276291667,25.756107908474206
2002-04-01,66.57756253883764,67.24391694027403,44.68864464654853,44.965693585124505,11.822151655226206,12.569714872295418,106.71463778254812,108.55220261102038,74.88042729677657,74.48566888558636,25.842658367247,25.861054873908998
2002-07-01,66.64389803197545,67.47241376319681,44.88092820754083,45.17640657599234,11.72936221497016,12.593954488685133,106.00784304853626,108.1035697454186,75.13745009951114,74.91811347672918,25.949245551581015,25.966214122601393
2002-10-01,66.52005754430026,67.70527015613824,44.94007206716696,45.38462123211873,11.681784259018436,12.624524803054562,105.84195183009464,107.6778971543557,75.3589064658445,75.34330791480271,25.900712786502364,26.071040837361302
2003-01-01,66.39498065502193,67.94348428128183,44.962917629951804,45.59079827055671,11.647336036174964,12.661500265856832,104.55863633294291,107.27905804996604,75.25539231570471,75.76334161866568,26.070354699072066,26.17497075540487
2003-04-01,66.78142463164359,68.18731621487254,45.22705410820862,45.7951260761727,11.643372363885982,12.704349122320309,103.90991961795537,106.90973319907488,75.45818471608634,76.1803648374647,26.303600610538375,26.27732317463052
2003-07-01,67.6654337184335,68.43604424593894,45.75270698376576,45.997398573938476,11.959252643291558,12.751875015072356,103.7172009900231,106.57087428654485,75.62812511993283,76.5962557972232,26.662968053685415,26.377341194667256
2003-10-01,68.2161227773504,68.68804213788123,45.85578926147679,46.197046472219604,12.350227905146761,12.802171276035802,103.85182294526878,106.26155228057993,75.86315904582023,77.01247670170196,26.82815638453521,26.474273805279577
2004-01-01,68.57804447373826,68.94117179979865,46.29276978923978,46.39333694943439,12.38909133027931,12.852787893924972,104.27047642879685,105.9790727575376,76.42187834396711,77.42990662435345,26.83105923453336,26.56753919459677
2004-04-01,68.91816223935855,69.19296533363394,46.354518823706634,46.585310225719596,12.87353239605396,12.900946597980221,104.08782054513075,105.71927332007705,76.78632823690032,77.84871231754215,26.94996338419526,26.656770499757187
2004-07-01,69.35227200422973,69.44068968012135,46.68458105288687,46.771929118252515,13.065698427823838,12.943531303745381,104.34542497621966,105.47697535659722,77.22829781824781,78.2684231371209,27.021846023952396,26.7417631970073
2004-10-01,69.82936579080861,69.68140026366176,47.09441750072339,46.95199673394488,13.322827425796937,12.977373375607089,104.59246628923431,105.24603392683217,77.69216170078742,78.68788253165214,27.109069743149874,26.82249605007807
2005-01-01,70.40868674581135,69.91205849204131,47.160879042593,47.1242462940747,13.710101194630226,12.999362338133635,104.59123972357858,105.01965435180374,78.2451802041671,79.10524794384416,27.26640839479467,26.899125280475626
2005-04-01,70.55680732100576,70.1296833053658,47.507649452026946,47.28748672830352,13.52137663135817,13.006608371493778,104.82817771127615,104.79069354012299,78.87005045955563,79.51800560969433,27.207758073295473,26.97199043870273
2005-07-01,70.8745183175082,70.33157543151617,47.82307364621155,47.44053957917273,13.649370676383441,12.996692112888914,104.74893376936585,104.55180379353651,79.38679319534488,79.9230451637167,27.28128257924165,27.041666031450397
2005-10-01,71.02529530916266,70.51528319074443,47.73662066084156,47.58235672021823,14.100698679290826,12.96757810518225,105.06807123115058,104.2957299811534,79.90870187130253,80.31678607724287,27.222808575115963,27.1088815566801
2006-01-01,71.80158763058482,70.67868350246195,48.04748477709133,47.71212578861236,14.307033233383596,12.917724301118968,105.93686180159156,104.01541792135477,80.59789663917644,80.6952446987315,27.291281782893858,27.17452466151958
2006-04-01,71.77675918607969,70.81997044470286,48.157516275704786,47.829132269363555,14.139121165638805,12.84638129352527,105.86699119346115,103.7043830805833,81.27859627263548,81.05411550168385,27.213324993505076,27.239563559410417
2006-07-01,71.6538153655517,70.93804343568303,48.32187219520508,47.93287539331563,13.996946575470572,12.753739768565223,105.93074382155064,103.35742716007755,81.87066370673384,81.38897190631548,27.087186552236062,27.305049111105127
2006-10-01,72.04102761245075,71.03241343495704,48.374541538391135,48.02306706168117,13.728279057215214,12.640858058083765,106.09213788209276,102.97078742925369,82.4082261874353,81.69547933782529,27.14437970737846,27.37202584728538
2007-01-01,71.96228727031807,71.10305908587416,48.45595495747103,48.09967203156241,13.487160184424344,12.509598760938173,105.60462599423353,102.54238189102644,82.78360012635294,81.96957215922227,27.152782392237025,27.441411274036305
2007-04-01,72.20161640719624,71.1506101312592,48.52206252827499,48.162886389733245,13.531920623267043,12.36249100728711,105.76829317203268,102.07212474152432,83.19438778941128,82.2076168859828,27.168567419628978,27.513988964540594
2007-07-01,72.38936581879004,71.17625549536531,48.701801243399345,48.213141303750106,13.350317943678268,12.202610942929958,105.1586268241298,101.56186007879167,83.57160982655832,82.40649556903824,27.2985019773236,27.59036919857888
2007-10-01,72.61725260752908,71.18185925223212,49.03873335574902,48.25110474586039,13.040753699411312,12.033629235145233,104.5446388333765,101.01570055100701,83.89129757592305,82.56373237106376,27.452161675458054,27.670951674465247
2008-01-01,72.34794145340183,71.17005584667774,49.216273818745016,48.27776097048962,12.611975017643699,11.859732421325166,104.24703490205253,100.43990853305466,84.43270064294592,82.67762123371575,27.33945352886493,27.755957710644164
2008-04-01,72.59023534230572,71.14437985332495,49.464843581660034,48.29459364466976,12.405899254901277,11.685483614741633,103.3774505475415,99.84278906407425,84.58273617235007,82.74733973427611,27.563643168161235,27.84547480756957
2008-07-01,71.99281503752457,71.1090999430621,49.0892457544151,48.303676433773624,12.071648184215292,11.515633992646679,101.93453264113799,99.23478620242682,84.6415455210726,82.7732200796112,27.58098892843512,27.939329242395726
2008-10-01,70.20292426486482,71.06937529012693,47.609963611720524,48.30781193704013,11.091187287554927,11.355086367418258,99.02826905689861,98.62824941889896,84.61052541199973,82.75679987365962,27.409240085528598,28.037168221442705
2009-01-01,69.37976267474554,71.03090372830289,47.187640791960504,48.31029306816732,9.686972959733627,11.20880518507921,96.3291506123383,98.03687596290033,84.56213327960565,82.70083565418265,27.584334504888393,28.138408237504258
2009-04-01,69.09517004066869,70.99882676294047,47.11089005313012,48.313974643527395,8.953974028817287,11.081357636018335,93.75074859430795,97.47428394796421,84.00037467030977,82.60927969133614,28.02524898112059,28.242058387552
2009-07-01,69.15171505187224,70.97723441054994,47.5695608488511,48.32100236460976,8.812936151320107,10.97615590289453,92.32975268666245,96.95272573837855,83.24533603108003,82.48726399656347,28.417685360245677,28.346761195002884
2009-10-01,69.70835079658777,70.96900983889826,47.602205851969174,48.33276192415166,9.509549514901286,10.895125097353695,92.07351315205308,96.48187392319174,82.4782830683674,82.34078801459886,28.791360083192746,28.451002014976456
2010-01-01,69.97045726010097,70.97588558971135,47.873198445481975,48.35016789192017,9.658978946257616,10.83877662319095,92.3650615022312,96.06833606030901,82.04716658074993,82.17630498969307,28.89323949584238,28.55328851491452
2010-04-01,70.4953598611698,70.99880848853248,48.03855699923235,48.373677458074276,10.112024377314926,10.806844776415502,92.8668720124304,95.71588963013971,81.58136320143312,82.00031813850757,29.065511262372514,28.652320318618745
2010-07-01,70.86067796436805,71.03810360640252,48.20613901709219,48.40345097469624,10.466494868339888,10.798449341358722,93.06724258244856,95.42601223157534,81.21524928084811,81.81920249234514,29.221196905486924,28.746992921906642
2010-10-01,71.05140264178706,71.09379168572835,48.40713202689017,48.43944109596685,10.388619604401946,10.81241993081591,93.27654714315462,95.19847748650051,80.94760892961186,81.63901817857742,29.290915696942687,28.836447497732728
2011-01-01,70.8417540794106,71.16579357183139,48.72250837266053,48.481478940151746,10.179770501943842,10.847512503362152,93.38352268831078,95.03169097507406,80.8283937729371,81.46539523872248,29.19779542142934,28.920113421050438
2011-04-01,71.18274420497853,71.2540143583381,48.8338618459598,48.52937706578121,10.511419560946997,10.90232251593649,94.13925553414106,94.92297418377059,80.55181952154662,81.30348454629419,29.220063835694134,28.997700735516485
2011-07-01,71.0019262880755,71.35816604311947,48.80134155888376,48.583099989219335,10.539972344717766,10.975090806317777,94.16519778104053,94.86873148036746,80.33755928577018,81.15800131566074,29.167797505350368,29.069094282228342
2011-10-01,71.63232238450935,71.47792472769832,48.874790916252856,48.642804254917834,11.322510275929584,11.063846942173877,94.82967909811315,94.86498127794806,80.13661567051453,81.0331643431745,29.31826064417924,29.134321301339902
2012-01-01,71.63534830111672,71.61275028627924,48.85698371918613,48.70878570472805,11.447127872930965,11.166340440339228,94.74496120939605,94.9073860148832,79.66093267039844,80.93266571523694,29.39773112522387,29.193475497478413
2012-04-01,71.79721565706198,71.7622045067694,48.75218736664905,48.78148908523382,11.68125366353774,11.280445196875217,94.65979609550914,94.99165007763494,79.7212343814067,80.85963627066903,29.47357940712949,29.246770572950204
2012-07-01,71.72473060566077,71.92586818504581,48.60626800638146,48.861457087457005,11.620959374060165,11.404152806866657,94.9720826231118,95.11341999560241,79.81744650192309,80.81642112014087,29.36845579505137,29.294553345880402
2012-10-01,71.63042033808927,72.10334810034793,48.707892244422275,48.9492204766141,11.508917563578297,11.535633452995484,95.2854501572871,95.26815920723404,79.89264610672166,80.8046753929483,29.25746106297799,29.33731801779591
2013-01-01,72.14172284608306,72.29412783320515,48.8695863940065,49.0451566367347,11.901082481640461,11.673116799899205,95.66106779979697,95.45124976928317,79.91988698163098,80.82546038040226,29.387538699632575,29.375610854694532
2013-04-01,72.17713738411223,72.49739386325862,48.82232910041228,49.14949774141641,11.99555642323148,11.814732132406345,95.84218322681106,95.65807630205143,80.08529548263368,80.87930313203917,29.344595507543744,29.4099332121903
2013-07-01,72.61490077713918,72.71223327114097,48.863086742658666,49.26237137549032,12.388227298288541,11.958660736108515,95.99378173233443,95.884133992388,80.24829014068865,80.96620202392391,29.471280658664444,29.44079809723383
2013-10-01,73.06845232630278,72.93752518364711,49.09431669990045,49.38370408313226,12.47114152473885,12.103107829647271,96.02902121196473,96.12500329922173,80.50208217265332,81.08569575230062,29.61553577862863,29.468681115776995
2014-01-01,72.66279247801337,73.17207725482913,49.20594521568686,49.51317367292048,12.349081411578705,12.246461040542785,96.1946105633415,96.3762963486939,80.79476294550821,81.23690729146129,29.380811051688458,29.494079803696103
2014-04-01,73.44142026507086,73.41476680533879,49.51199585096096,49.650275711169364,12.824400055484018,12.38726526484426,97.00158346434729,96.6335225900209,81.04143394270722,81.41862246263308,29.50333714771597,29.5175858700468
2014-07-01,74.15167848190505,73.66413660895036,49.81055639093722,49.794309497412016,13.086108474854083,12.524068949214298,97.53732988480436,96.8920304141866,81.37589300502815,81.62937165822699,29.63945463605726,29.539722343146007
2014-10-01,74.34420127071483,73.91872756200891,50.1445981032363,49.944481573388565,13.165473194816066,12.655639768474677,98.2810114017897,97.14734931560923,81.76352339461882,81.86746267532801,29.520913415930472,29.56100516091496
2015-01-01,74.696272959648,74.17736675704057,50.11762237900704,50.10000093900965,13.572890817669808,12.781057258345703,98.35829928051515,97.39536600570455,82.0104557177135,82.13105016519772,29.614291612573137,29.582014185792946
2015-04-01,74.99044988617958,74.43913207620247,50.31204832984298,50.260193628360604,13.501328548641775,12.899699001213706,98.40811015590883,97.63263474666967,82.51465704500414,82.41822176381977,29.657449283114097,29.60330585233654
2015-07-01,75.09950095295126,74.70341386405974,50.53461688401411,50.4243890067695,13.482679047939943,13.011426360856829,98.28171774633006,97.85628152007088,82.9582615310044,82.72698068764589,29.6696687629266,29.62545839762618
2015-10-01,75.04583201956135,74.96993949147323,50.57303682406665,50.59194083537251,13.339532599211397,13.116487898106735,98.74389095193487,98.06389667139464,83.38049243246162,83.0553755969332,29.50571650404289,29.649085700358945
2016-01-01,75.23036791479163,75.23868103089923,50.85420709091037,50.76226387520159,13.1745678634492,13.215450915882307,98.66536934295391,98.25332452935707,83.68728771664786,83.40158112884548,29.55555234130778,29.674831418951563
2016-04-01,75.29285607067105,75.50965783347316,50.96240622307909,50.93475325142872,13.0629109732274,13.309054377875688,98.68383528541854,98.42282808393402,84.02237777268607,83.76395474664272,29.535166367803434,29.70325182279222
2016-07-01,75.62539787478003,75.78288422474587,51.22565171565986,51.1088536971398,13.055751743938165,13.398043526741366,98.90212101931701,98.57092840509995,84.29314435821279,84.14101176808889,29.589698601636243,29.734831072989426
2016-10-01,75.84214711366448,76.05823798268096,51.339092316159366,51.284019710321544,13.353070103850149,13.483034773381718,98.72604910753915,98.69631505358913,84.5516607916094,84.53140836536977,29.67707052825724,29.76995068091673
2017-01-01,76.29741509211681,76.33549577541523,51.83019910444749,51.45977166319116,13.30885866439758,13.564447201649427,99.18345297328462,98.79789370873802,85.19831481720541,84.93387515691431,29.68638250917834,29.808903935551083
2017-04-01,76.56657442341279,76.61429468530861,51.94888743495607,51.63565794121926,13.522065293611007,13.642632460112084,99.60635382461635,98.87460127660924,85.54045710015978,85.34713378009896,29.66718861518366,29.851928704419517
2017-07-01,76.99326925904204,76.89424241811517,52.09777164661322,51.8114530078394,13.68470612689094,13.71779127902691,99.60376177548905,98.92563070425189,85.90310748016886,85.77004915971183,29.78888341777192,29.899188783387487
2017-10-01,77.68343880392909,77.1749108142958,52.5385440384852,51.9871247946286,13.858064460212438,13.790055729780367,100.0,98.95064902598376,86.29446734589393,86.20158647855466,29.93079210415561,29.950734450459592
2018-01-01,78.0118349639734,77.45592771826917,52.74740629377812,52.16282052101122,13.990305948430525,13.85954277386622,100.19228420686723,98.94976583051718,86.57704086095636,86.64077440532826,29.98548350014272,30.006548710116
2018-04-01,78.26773264576326,77.73723464523584,52.82759505000047,52.339034589678946,13.929088156560725,13.92641726805111,100.4810575111343,98.92376331991619,87.04433627395457,87.08668044771906,29.9710973901303,30.066603596725994
2018-07-01,78.56976830119496,78.01912101106689,52.89503403030972,52.51663390635654,14.312251402109213,13.990931770918824,100.68178092035278,98.87421355288731,87.44943529809483,87.53831242867395,29.998963033418736,30.130859320040663
2018-10-01,78.48705665657575,78.3022132947276,52.90236479299425,52.696803162610735,14.265794263147738,14.053347231920112,100.7522564419915,98.80366760504775,87.92724348307442,87.99463044376232,29.896684350418653,30.19921726461254
2019-01-01,79.07305970255727,78.58749250919705,52.99924675276098,52.880980676590845,14.422979125732605,14.11413119783579,100.90519216059239,98.71580160434273,88.70238198390997,88.45451626379858,29.997924844102485,30.27149638962089
2019-04-01,79.58736847102647,78.87607018011082,53.37577033811192,53.07075435461837,14.520500440809457,14.17389340314812,101.03651771750826,98.61549297919188,89.21981458493894,88.91678522845552,30.106172502005005,30.347324276223514
2019-07-01,80.34260161556446,79.16937895686897,53.82132069213286,53.26781013249489,14.574533348845307,14.233447154874836,101.10241967589056,98.50895623570459,89.71150583373877,89.38038385825196,30.320602976862148,30.426153216151867
2019-10-01,80.70874528914918,79.46931887206136,54.09613790024979,53.474052192547056,14.27952569414298,14.293835530854345,100.63886699570293,98.40387315700482,90.19442116806458,89.84442758018952,30.492552522793655,30.50727844895908
2020-01-01,79.76430526931333,79.77855281976225,53.18453764437535,53.69176399118739,13.963276259216343,14.356331891994671,99.3011516632365,98.30948992583055,90.92556280999044,90.30822224396988,30.313215274062433,30.589921683398927
2020-04-01,73.36321487531868,80.10056141973094,48.49627068394269,53.92366071416752,12.020640021907372,14.422223263589336,85.57605099766705,98.23639842434811,91.2710236134851,90.7712802607469,30.670204837502578,30.673287097549334
2020-07-01,78.90343667124252,80.438875855822,52.63712270771523,54.17219057656475,14.217906524595692,14.492570197946668,92.44940663154195,98.19578525568384,91.08879312129159,91.23349302897473,31.392745989176834,30.756395528999526
2020-10-01,79.63777022435328,80.79265632195731,53.182126579805114,54.43624823537258,14.65557640417639,14.566798163021376,94.27516969394163,98.19037696965562,91.4567199246515,91.69506502406689,31.240585590835366,30.83825526295799
2021-01-01,80.79763368796655,81.16007653160625,54.34583104393572,54.71373368953159,14.45956654297715,14.644147985896335,95.29316663161785,98.21923365344094,92.16034203120277,92.1561140566222,31.39076305517199,30.918259920949648
2021-04-01,82.08083894007363,81.53854750086653,56.15817313777424,55.00170981377073,14.189419526837215,14.723901558762877,96.93026255958982,98.27895142154043,92.63267547265147,92.61661019898865,31.481796881256106,30.996048343787475
2021-07-01,82.63208960543547,81.92520508963808,56.44035352633052,55.296948087781956,14.66165110269895,14.805208297725917,98.16155282923972,98.36429006316953,92.98412674395463,93.07652611437845,31.392617472558275,31.07155086404099
2021-10-01,83.91858152271404,82.31747259306958,56.867703954238955,55.59687473045946,15.632450063027138,14.886854837566887,99.45975920278953,98.4691636508326,93.43776402975867,93.53584458359364,31.556459452896537,31.145000490320143
2022-01-01,83.2922494506878,82.71316794747473,56.56866956929727,55.899574971827334,15.880707571145441,14.967509741509769,99.7018685306231,98.58734737514833,93.80020217087068,93.99449021933093,31.229133064389874,31.216833605111095
2022-04-01,83.3057818218252,83.11106735092588,56.71524437292623,56.20388576775591,15.49910391989989,15.046272543160832,100.31193913616112,98.71321132375586,94.54576465488665,94.45232474609011,31.024515771492634,31.28774770013238
2022-07-01,83.75065897836045,83.51028727887736,56.900951579242054,56.50903865577106,15.303360950224292,15.122784639879319,100.77235593300725,98.8417940824934,95.12550714611898,94.90908500348368,31.031028620088414,31.35845455663181
2022-10-01,84.16577013600484,83.91004978964823,56.9416278961324,56.814569978499385,15.528764321590813,15.196963403136527,100.81766297927521,98.96910278314814,95.62983346754312,95.36456227688974,31.118080969343016,31.42950650221892
2023-01-01,84.32253679039822,84.30971349716835,57.276872336100894,57.12025285743235,15.131211224626083,15.26883966533532,100.71734650510693,99.0923220587213,95.84504246570074,95.8186809238171,31.17168702780905,31.501254231207433
2023-04-01,84.69120556662166,84.70878607194621,57.50600738469905,57.42593589295203,15.261773896154565,15.338653663006998,100.28522351421299,99.20977039027795,96.28498420986838,96.27153171555284,31.345312499003228,31.573855140506698
2023-07-01,85.47837957509037,85.10677428967317,57.73239293241959,57.73156349327997,15.49366924334046,15.406564374862995,100.12521105088734,99.32076893301593,96.71056071875422,96.72322447357683,31.620663441095285,31.647260072782586
2023-10-01,86.00489430728318,85.50316505082444,58.06513916612637,58.03712971116945,15.616142324051992,15.472686288319338,99.87662144786829,99.42530706889639,97.17576678419633,97.17388022466776,31.81340676907497,31.72127540109073
2024-01-01,86.22009031126592,85.89767024780602,58.39625615438281,58.34262929190862,15.482254886935978,15.537191720710197,99.84329731381705,99.52387726328524,97.91490275978501,97.62361487050411,31.81543761228047,31.7956889806918
2024-04-01,86.80882210940908,86.29031278758431,58.83969444084765,58.648074847811266,15.755749134195383,15.600346798594687,99.88055021192946,99.61725712893417,98.3591675026161,98.07254820787416,31.97421327679762,31.870344437001435
2024-07-01,87.32649833429613,86.6813197960227,59.27811619528664,58.95351339426743,15.77247492448693,15.66238804741826,99.83667412273753,99.70642784576722,98.83069612856488,98.52098620532837,32.12026578568876,31.945096315407067
2024-10-01,87.53154436383423,87.07124930926001,59.72738133029146,59.259114012999326,15.442524578054675,15.72365371531874,99.82163432699441,99.79253941395406,99.29253778758847,98.96942138820516,32.146340410964896,32.01986290853685
2025-01-01,86.30411013490077,87.46107539153843,59.04976134525302,59.56525395360306,15.961736033590507,15.784556809153939,98.87924128248032,99.87682769837623,98.63915572726481,99.41855061641941,31.965365734697514,32.09467143847473
2025-04-01,86.94907119334566,87.85207945886233,59.29544134825799,59.872612967806674,15.283481502670975,15.84533825994641,98.94805351441617,99.96055113593776,99.18212274001017,99.8692870572911,32.1279002763897,32.16962864763377
