date,gdp,gdp_trend,consumption,consumption_trend,investment,investment_trend,hours,hours_trend,capital,capital_trend,tfp,tfp_trend
1948-01-01,21.810292167733035,21.337429877068814,13.98297257189685,13.873798432919793,3.8740184498548764,3.6840596626674,105.71573066989346,102.88347310990852,23.34634826037613,23.27714814741071,12.081007055584573,12.091896909384708
1948-04-01,22.12210661136212,21.568146393716184,14.133728182486587,13.973181582303797,4.085374819363765,3.7110065170847792,105.4397944390958,103.03181223474014,23.512892820333782,23.42928703995044,12.244059781938155,12.17578766687638
1948-07-01,22.17750899455642,21.801656262172244,14.065444607673797,14.07334559411027,4.171528468739254,3.738267939054135,105.83946726470239,103.18211652532146,23.70152023371375,23.58246406103049,12.210379566325209,12.26085957185772
1948-10-01,22.166858736413992,22.03864737702886,14.067700224894136,14.174467696166577,4.058671616298253,3.7661925201069364,104.69621398640771,103.33763993318149,23.94335239306616,23.736783451658336,12.247383702784534,12.347267681934147
1949-01-01,21.826303835546707,22.280074553709532,14.033054580682967,14.276725076333232,3.4235285363463603,3.7953994327006897,102.76906649417622,103.50330142645093,24.14939090895405,23.892427242624525,12.169185358342332,12.435139216323863
1949-04-01,21.69903525189325,22.52701488368481,14.269731987570871,14.38023192187017,2.898072004760857,3.8267063978834863,100.83074812100917,103.68489998551574,24.16974990611052,24.049712324364414,12.245281354058472,12.524541283160799
1949-07-01,21.861227772579902,22.780298829963225,14.244097289855372,14.48494968736895,3.168283430910599,3.8607109739336556,99.46605056513783,103.887818557862,24.05026589276489,24.209125617328528,12.468177118420574,12.615372292768399
1949-10-01,21.61586348130102,23.040253317080793,14.397077071545068,14.590768128818056,2.9926916860379293,3.897357947409659,98.75721523266994,104.11567636964287,23.99996642402671,24.371242607813823,12.394761223471537,12.707348400147923
1950-01-01,22.400686630644078,23.30661831100053,14.590901186767045,14.697419518601006,3.729007432649096,3.9361067501786984,99.24106959730577,104.36930238718656,23.90663255535454,24.536553077538052,12.82151944934008,12.800083324253904
1950-04-01,23.02070546356509,23.578178820809583,14.809427221382595,14.80450442607288,4.145475835001643,3.9757404971303947,101.41695064230598,104.64609499367052,24.004574767536596,24.70532293642988,12.973373061087223,12.892978566786066
1950-07-01,23.858098444474873,23.853069084633795,15.523678265697344,14.911543863802581,4.540156191510225,4.014857417535455,104.38084539697914,104.94013520553332,24.216690448551343,24.877420903771014,13.155312343998613,12.985431743616124
1950-10-01,24.376963767690313,24.128972708058086,15.081724890088067,15.01804819796891,5.214595562438833,4.0521065325819325,105.61255852586173,105.24338480310429,24.635494600198097,25.052261262183052,13.2594981195989,13.076874265122242
1951-01-01,24.77730304435102,24.403468333800195,15.427337017855782,15.123894488369194,4.7624041226496345,4.086403855910911,107.68513725055611,105.54736324299186,25.216840804508948,25.22881694461944,13.199883209934063,13.166829244191813
1951-04-01,25.251301662562902,24.674184501822857,15.039821748173347,15.228997257014177,4.944951785662111,4.117285206771366,108.7413656555137,105.8437238787349,25.642267583995082,25.405765031171402,13.289280011927659,13.25492285500574
1951-07-01,25.761964774057784,24.93888845651097,15.221469552003594,15.333459751755587,4.544167618597481,4.144679382668241,107.66148951009956,106.12535766619813,26.04520779046802,25.581737637772726,13.572005716098039,13.340793939290947
1951-10-01,25.768229078243177,25.19562790693999,15.307794391190567,15.437268158225404,4.129827189501972,4.169001563201028,107.50505281989663,106.38688132963806,26.29266415760516,25.755478616741875,13.54324501611993,13.424095904850114
1952-01-01,26.014581574713382,25.442903914557604,15.39741933017935,15.540337733160314,4.202878261634257,4.190926908808678,108.07901410419004,106.62382724109324,26.450426317046905,25.925990196224408,13.596983036203147,13.504621179934626
1952-04-01,26.03485276646433,25.679541076714912,15.654804634978284,15.642499788708239,3.822262238688407,4.211126109321059,107.47785393102987,106.83240275793314,26.61446188045594,26.09258753622401,13.62748254605683,13.582235191196697
1952-07-01,26.138407904999646,25.904704833317844,15.607153286954311,15.743491034559577,4.067543194943935,4.230293824818941,107.90927457012135,107.00971437966982,26.629240205920393,26.254900471406913,13.64345610966932,13.656861567601934
1952-10-01,26.90560331593198,26.117782391654718,16.085624158215165,15.843050076872844,4.291266106634667,4.248881702731642,110.39477079204624,107.15327987331256,26.698746569760452,26.412880758299004,13.824946003030332,13.72845395690068
1953-01-01,27.156952463733493,26.31831616844375,16.184418136668018,15.940823384022636,4.31614815137687,4.2672453325699635,110.51595526844808,107.2611962474238,26.668796454141464,26.56671838025796,13.949628400533406,13.79695970141956
1953-04-01,27.306039680631738,26.506354749025554,16.23798657814052,16.036602407807234,4.329595365303908,4.28577325840951,110.47756984302094,107.33358706963965,26.831983377226248,26.716791533254103,13.999454485414022,13.86238887425541
1953-07-01,27.092891459877833,26.68249811507336,16.18393893173015,16.13032814774471,4.255049036962339,4.304891486298327,109.15302237524207,107.37261801500601,26.9924750425051,26.863554848665228,13.970315119080684,13.924850522270502
1953-10-01,26.59289887633307,26.847885173909184,16.061154604916844,16.222068506876592,3.889065911789767,4.325061231405051,107.08487290522304,107.38242817336885,27.096531791509683,27.00754844410091,13.865375761514189,13.984544447422815
1954-01-01,26.373955228308585,27.00396085508396,16.094515480303823,16.31192844155762,3.8134078902169986,4.346721137533151,105.2797338094526,107.36828802597783,27.103597716042948,27.149407498271177,13.902751801499836,14.0417049405223
1954-04-01,26.330367992766455,27.15205734078674,16.22185685305707,16.399914577143896,3.781178891671023,4.370029376780674,104.20127883153872,107.33529776355213,27.11017039649421,27.2898382655458,13.971794883299253,14.096496797124049
1954-07-01,26.56205130082671,27.293144954516467,16.3248233069969,16.485896844652782,4.006155375658707,4.394789251446213,103.54253297599354,107.28724605385469,27.117187521658927,27.429533727104104,14.151674019311882,14.149001204193839
1954-10-01,26.9965363073954,27.427696201595992,16.552662703669096,16.569630838295616,4.196635186412071,4.420400773355535,104.49582763130805,107.22593642065056,27.1611604002372,27.569087850223525,14.28962587108603,14.199223279393324
1955-01-01,27.67922920961338,27.55573248880047,16.845697648692564,16.650766613929882,4.603589208587485,4.4459930368207585,105.83543246991718,107.15079443193675,27.250909769315935,27.708908655300366,14.513410299468866,14.247171388152438
1955-04-01,28.027267326601944,27.677008134637767,17.052183801429774,16.728938561809546,4.832956946177377,4.470529791791367,106.83098349180756,107.0595267847567,27.42441050020892,27.849153087605202,14.57432816128697,14.292912147158273
1955-07-01,28.315908466123595,27.79135740947258,17.15529892219018,16.803898724631875,4.919632491480752,4.493050402597504,107.60723207121944,106.94902909026061,27.66264089885603,27.98968972847165,14.610995857411408,14.336680285156714
1955-10-01,28.407734484513707,27.898837836808944,17.199569990407568,16.87559914617006,5.1267442817699935,4.512797300297846,108.6004689148453,106.81607661219846,27.926437328448166,28.130114301819795,14.522774649072323,14.378889780442712
1956-01-01,28.220378205494058,27.999841589827533,17.080366806432522,16.944212901460435,5.025037805062015,4.529261332400581,108.97069613205758,106.6578828232057,28.23417904006171,28.269806814605698,14.340002981095479,14.42013112259557
1956-04-01,28.376747236050836,28.09508983597752,17.10417808223244,17.010120514914313,4.9002871507827965,4.542295124604935,108.9041627706921,106.47279730330101,28.50427330199436,28.408006174182475,14.377197855134192,14.461092014499883
1956-07-01,28.267579444791195,28.185456605893137,17.045778123769235,17.07379586435771,4.903507916615075,4.552053173350131,108.14581297777298,106.26062608649391,28.72856470952317,28.543914474376304,14.347673186146741,14.502417621487087
1956-10-01,28.650559482154573,28.272007074545936,17.262960271566605,17.135780474381736,4.800054317612522,4.558915060598917,108.43598340488312,106.02269452751433,28.948139159488655,28.67678021415522,14.478120779739612,14.544707629200117
1957-01-01,28.759696535608544,28.35587351051221,17.257140265371927,17.196607069084962,4.758479396311416,4.563480968346812,108.25914922372972,105.76149927960894,29.141884970365766,28.805955597377014,14.514770377920783,14.588470993396225
1957-04-01,28.613759057955363,28.43843944943511,17.226510447653244,17.256896268372348,4.722656907850491,4.566504802342711,107.71286206992797,105.48101421267292,29.309413756093452,28.930953635898828,14.45964207100055,14.634181077547751
1957-07-01,28.794556006802846,28.52135723259592,17.340149006161383,17.317315698782327,4.764502448484287,4.5688641672655,106.82701647743764,105.18671935635643,29.44659457002324,29.051492080500243,14.6054329612453,14.682271195791238
1957-10-01,28.38767914984099,28.60640851390787,17.3583881266658,17.378523276177866,4.247116364265249,4.571535270743545,104.22065119581836,104.88541480834641,29.5766624945774,29.167523884467965,14.609547414884815,14.733070662454995
1958-01-01,27.55898266260122,28.69556741227193,17.087347320221028,17.441200618385537,3.933376637454291,4.575616648043255,101.55455574418471,104.58483806661407,29.590456997426852,29.279251491906702,14.42163567536466,14.786865921199936
1958-04-01,27.668714774604073,28.790695589995437,17.165896273946643,17.506026639377733,3.814298392742064,4.582000843597201,99.80214671931475,104.29222443832819,29.545407541071953,29.387139136503617,14.651618722883542,14.843870803837696
1958-07-01,28.229910493035728,28.892952102113053,17.30914584504373,17.57346562052084,4.183519558020174,4.59115410651925,100.720590507967,104.01281779598652,29.46759528999248,29.491855169715116,14.873768817169346,14.904070982489731
1958-10-01,28.77870377648801,29.002795843907922,17.38762440558284,17.643773308187306,4.608751950881918,4.603023254700952,101.83190371024973,103.74895531996107,29.45311997784013,29.59417861526468,15.057740265173424,14.967331452013944
1959-01-01,29.22164352394853,29.120274788613145,17.719139315427956,17.71704258483621,4.762109233853983,4.617290964059343,103.4161462585766,103.50087501851351,29.547042519138476,29.694885231535043,15.119984492422919,15.033497123693461
1959-04-01,29.769950399019056,29.245300591298786,17.970944777208793,17.7932061636923,5.091079428635677,4.63364345423402,104.98421329989822,103.26761484566522,29.677850740702286,29.79467306672412,15.230185633951852,15.102468130947207
1959-07-01,29.684168663725266,29.377851616375057,18.133025660573004,17.872197777405365,4.7268836023941585,4.65185513773701,104.30252009749535,103.04817432104149,29.889695029164436,29.89415665805931,15.212822248211788,15.174198136774642
1959-10-01,29.674758149850934,29.518238036117747,18.12383327774153,17.95406227639398,4.857318906843931,4.671973895886153,104.0020633856655,102.84262612025908,30.01512992841818,29.993885257752062,15.214226518287663,15.248721034886042
1960-01-01,30.137636485601114,29.666972535171677,18.12563502304758,18.039009412761466,5.358093308341417,4.694097328156429,103.94543598266021,102.65182345623417,30.05978293271503,30.094412685692852,15.448974650407786,15.326096550270854
1960-04-01,29.89051871085539,29.824681353968646,18.351943224469295,18.127360349110482,4.811385779627155,4.718441666255045,103.82596546521367,102.47733670408245,30.34742027389942,30.196313558746485,15.282731527885218,15.406364619327327
1960-07-01,29.94174047339389,29.992304322232716,18.226461859638892,18.21949808625678,4.740210329965219,4.745622408564632,102.919037884369,102.32153313840683,30.477204533414454,30.300148507644035,15.373493572988082,15.489644109382166
1960-10-01,29.453719784998835,30.17085017619151,18.212336050486122,18.3159556137357,4.141809221502278,4.776331114591729,101.62123726952011,102.18760951722261,30.574866208546815,30.406580854225265,15.231114493884741,15.575978832011675
1961-01-01,29.54399242484528,30.36132707084869,18.13344943829239,18.417283261711624,4.248665251926584,4.811279486184751,100.66812998111456,102.07912960008154,30.51605536093265,30.51639465066834,15.382024025083593,15.665340675733468
1961-04-01,29.94863867093509,30.564317773573265,18.299534943240005,18.523980002461567,4.534142331107306,4.850776057783152,100.1131504398335,101.99930463275548,30.49878246255918,30.63049150874106,15.65193435157225,15.757481096712171
1961-07-01,30.430332930248237,30.779904992097226,18.351131536750156,18.636378096762357,4.873718571231183,4.8947685038536015,100.39605493212862,101.95047102986605,30.557939285177405,30.749787332214503,15.863773537014225,15.85196537790611
1961-10-01,30.97824057892152,31.00778837626826,18.652346246214183,18.754677911901126,4.9582834582126365,4.943002947354301,101.50599788294947,101.93379832072986,30.74518797698939,30.87513075273496,16.000154536171134,15.94828158512025
1962-01-01,31.480907847171608,31.247443424912554,18.804502063337203,18.878905938008423,5.197627924310592,4.9952092137513855,101.72095677526711,101.94950593946857,30.947315294656356,31.00726523015145,16.200240514743452,16.045912761338865
1962-04-01,31.648520257848993,31.498316905336345,19.001679500677476,19.009027239379105,5.097893285188609,5.051120778002991,102.55114539732628,101.99757607148935,31.136917517560438,31.146867786447856,16.16607723195115,16.144361877852425
1962-07-01,31.892269526723783,31.75999029456223,19.078638933051995,19.14496125491241,5.140240378083742,5.110589763940145,101.87520458096118,102.07787849984986,31.267251326044388,31.29459334957832,16.336858553818733,16.243216691131153
1962-10-01,31.816934522555385,32.03212989736232,19.259045924871682,19.2866227001114,4.934981769350689,5.173493725078732,100.68290103546951,102.19065882338822,31.370543616432467,31.451107178265307,16.404516736144103,16.342068480895566
1963-01-01,32.00822347192697,32.31447703618134,19.27082755173667,19.433883506369497,5.132719166526603,5.239724856207166,100.79269446107186,102.33606716756168,31.441438283452978,31.61707539539555,16.478431984979917,16.440557669037357
1963-04-01,32.22794299207588,32.60662825003988,19.365516253160628,19.58659569181906,5.202000795780742,5.309014208668395,101.00105475566193,102.51333275709814,31.577145394254686,31.793132701496383,16.544333774342803,16.538355635358126
1963-07-01,32.80151775161408,32.9079704887793,19.61614683722024,19.744503785750467,5.32464011618054,5.381009293963144,100.8596734434621,102.72073323510106,31.731879894575133,31.979822690537162,16.825308538204343,16.63515026228925
1963-10-01,32.8776578779814,33.2176254530864,19.610265159156935,19.90720354781651,5.389078582805936,5.455268339689007,101.21753629631473,102.95560238774462,31.907951898635197,32.17757121150722,16.7930291673797,16.730626510997336
1964-01-01,33.42928130270235,33.53461289972222,19.942172177406995,20.074195796771292,5.513504218486016,5.531287456723199,102.88131292839766,103.21409216483356,32.09417067015753,32.38666394266332,16.860412732986312,16.824582464335275
1964-04-01,33.65918407581448,33.85769582694767,20.21195631705522,20.244774206726728,5.481196724334313,5.608490330578761,102.92216003907315,103.49123107367419,32.31152067052115,32.60722935102488,16.93194136297637,16.916852059321602
1964-07-01,34.03777561701361,34.1855202432603,20.481855000698005,20.418123592448975,5.539793312033507,5.686255679087162,103.13906086625614,103.78179522180041,32.50274324752101,32.83921975217327,17.06369750360313,17.0072893648875
1964-10-01,33.99306259251398,34.51655073181682,20.42487199753579,20.593379114023715,5.605265752313686,5.763844398042155,103.68621008266233,104.08014876148877,32.698733339642814,33.08240369964446,16.947079197537743,17.09575612759814
1965-01-01,34.67133361491022,34.849096357059416,20.756284482922148,20.76968589559771,6.112344694545715,5.840382356072751,104.8492502237951,104.38018760437454,32.91097148138346,33.336333404960946,17.12154209472581,17.182148145784492
1965-04-01,34.966260512322144,35.181064244675746,20.909238709627157,20.946051741104714,6.084070237255119,5.91484842108078,105.4628275426916,104.6754893007703,33.24612100693469,33.60030634603512,17.140925570748102,17.266266295649665
1965-07-01,35.62550019563591,35.51016921764038,21.19511944677431,21.121442313882298,6.239477193646356,5.98634523056638,105.37340439718781,104.95985340075082,33.586614285752844,33.87332855995469,17.411519544462145,17.347870804698484
1965-10-01,36.32486371371385,35.83390703312175,21.635934563381493,21.294766195446325,6.2945897639545345,6.054047834320156,106.02127554041607,105.22750808355858,33.95309710751655,34.154148856696516,17.61569489495343,17.42663976641798
1966-01-01,37.110467825955254,36.149762636296934,21.925627033434917,21.464945024887825,6.725023010833707,6.117264774627805,107.24942017737162,105.47288946661102,34.342889989270326,34.44129158368407,17.79122520288834,17.502287517331467
1966-04-01,37.13208315378637,36.45545410904677,21.91947072261904,21.63108446907476,6.619399792854115,6.175441578744274,107.99641737446868,105.69089167167732,34.82253427427703,34.73310233412444,17.6356368536998,17.574644284466125
1966-07-01,37.33937139648095,36.74924132133481,22.062326921120242,21.79255680973454,6.523335847956894,6.2283891957359225,108.19457673281651,105.87749230827879,35.257297369873235,35.0278065458945,17.636212241772842,17.643720575847457
1966-10-01,37.53514485261179,37.0297743121512,22.074197693598403,21.948903475101428,6.569873290208943,6.276202906820792,107.60472956239025,106.03009772197689,35.6481455008745,35.323624868849656,17.72326875370258,17.709567938824712
1967-01-01,37.741528305743174,37.29605689020647,22.10014457693362,22.099829621435386,6.384857787971013,6.319181029951671,107.13190532401227,106.1475677440217,36.025119904420606,35.6188626252328,17.80612354314539,17.77223636778005
1967-04-01,37.62405550390181,37.54740794264756,22.311555986260498,22.245118798419636,6.093313425014375,6.357826904688662,106.091703969016,106.22977083602493,36.327165969820506,35.91197438561919,17.811507977438968,17.83178745601537
1967-07-01,37.79376611254198,37.783435029633594,22.308347979907264,22.384556595798884,6.2390969631127495,6.3927097057396916,105.92461475991747,106.27722367558319,36.50269344999557,36.20162264364971,17.87999991405122,17.888307059951966
1967-10-01,37.905022401212484,38.0038110839956,22.286556363407982,22.517972829919074,6.349605897408926,6.424249701930212,105.92511996261587,106.29039210582788,36.72209028553576,36.486692695263066,17.89500745093402,17.94187135781173
1968-01-01,38.52825508346464,38.20823449207914,22.72144600318329,22.645152673316822,6.452028575458704,6.452784352190345,105.70325447358395,106.26955500162123,36.98482160150558,36.76623037112131,18.1686522765128,17.992554069717258
1968-04-01,39.03925570968575,38.39636094335053,22.980976160715002,22.765737214059087,6.641040580626175,6.478615259816648,106.35320369621422,106.21479530543589,37.28238881467248,37.03940778639455,18.285059971005527,18.040401986455212
1968-07-01,39.18253324200049,38.56806647524992,23.32931305343023,22.87941604026964,6.415538424751517,6.502052716576513,106.66930383443756,106.12587394731334,37.59067647506696,37.30551845251988,18.2640821781253,18.085574116348766
1968-10-01,39.1497956767541,38.72365240071227,23.25365130092357,22.986016135845656,6.501576555473476,6.523515846425266,106.82282089444475,106.00267188177386,37.806031214144625,37.56399781978192,18.195354949337776,18.1283851577605
1969-01-01,39.58544942018423,38.86383310290637,23.39272244655665,23.08565078108146,6.8698301328217095,6.543376953794924,107.3416068446081,105.84544198088808,38.04542598765653,37.81445510133212,18.299511767816863,18.16926552775626
1969-04-01,39.544396036634325,38.9896219799648,23.44936204571928,23.17861115086969,6.769090432145564,6.562000683690253,107.89562648337416,105.65497812077959,38.3832992077775,38.05665170808915,18.163171577601148,18.208692358037823
1969-07-01,39.634642798773406,39.10251421578375,23.42107246139278,23.265392749090214,6.832996471617624,6.579957073217651,107.96323067147094,105.43302619179995,38.67581986956417,38.29049864137659,18.14892214069642,18.247228930178707
1969-10-01,39.25113816971902,39.204384024132146,23.4636393807363,23.34667443235105,6.486976824277489,6.597950999499565,107.13892670689376,105.18272757165025,38.9521575393449,38.516120272837924,18.018122058963446,18.285414964646424
1970-01-01,38.98887386019348,39.29746879524532,23.42911604297595,23.42324741495748,6.23528971771186,6.616851213255456,106.16786629497281,104.90877509380034,39.118367175724316,38.73389565592395,17.97715539821353,18.323732930905148
1970-04-01,38.83772403792101,39.38406435948324,23.34429662584282,23.495990639040226,6.238596533478625,6.6374662736283465,104.23116910245457,104.61703775860886,39.20996767776997,38.94449494949464,18.108213109521603,18.36250036207548
1970-07-01,38.9737052910693,39.46629696059897,23.450489228502825,23.5658004268144,6.240621591403522,6.6603684625946284,103.13138289390069,104.3141102971699,39.28512350132694,39.14885190537748,18.285079284231948,18.401817872168184
1970-10-01,38.331193278210776,39.54596770496633,23.245060559666015,23.63348985108912,5.871608332765108,6.685880770286239,101.7549656438306,104.00627777214285,39.35210261234251,39.3480928620694,18.130569779540423,18.44162622642884
1971-01-01,39.153178957588224,39.62458220648264,23.426111480262204,23.69980970521422,6.53595774199157,6.714060448143768,101.65694082561929,103.69901463079307,39.33493418097557,39.543457384468084,18.53380318693505,18.48179218091387
1971-04-01,39.140802512533654,39.702884171608794,23.466283269018376,23.76527360068074,6.679762286692094,6.744420927766342,101.41395057709812,103.39631704097663,39.479053437255686,39.736215217027826,18.533050324298323,18.521984411175115
1971-07-01,39.24612499322968,39.78132569340598,23.51414995571603,23.830228081961597,6.733600971305328,6.77635491504593,100.85967569780239,103.10085316166206,39.65994322260408,39.92753080116995,18.619421085863625,18.561901308036273
1971-10-01,39.116369833989495,39.86000723921205,23.71829018103359,23.894834530309424,6.520320604968079,6.809203581343687,101.36282698547032,102.81401738825734,39.841980120999,40.11842924309738,18.46830762504602,18.601245620923848
1972-01-01,39.38729585184048,39.938691965552984,23.65102440752979,23.959056200158496,6.816327219266854,6.842268524404935,101.35541738907916,102.53578141476993,39.740548104844585,40.30978633615559,18.613705113822338,18.639753686242887
1972-04-01,40.070016309073054,40.01667014609605,23.96425357214588,24.02274466468984,7.176265021384092,6.874651475744491,101.55810831359639,102.2652100668319,39.95659846417214,40.502319719728774,18.8759183406525,18.67707606252095
1972-07-01,40.235432252337105,40.09287818630827,24.186758450114812,24.08555520159402,7.266948690494911,6.905420956966028,101.5952190684289,102.00064108361387,40.252254902041635,40.696399004209276,18.900509470082657,18.71284439231967
1972-10-01,40.71400108631516,40.16627805363005,24.525202194889506,24.147102829752,7.344215060234627,6.93381599169435,102.1749382151036,101.73998892773243,40.58059618905423,40.892054106283624,19.00060926636586,18.746811974138886
1973-01-01,41.50760221979298,40.23591393405915,24.859753888989935,24.207062323305458,7.663157513537094,6.959287492688853,103.17228007696686,101.4809370351481,40.90104335114994,41.0890335880662,19.19613002970689,18.778847979973456
1973-04-01,41.742425275929016,40.30116556578204,24.815020924515746,24.265341240921533,7.917995914314975,6.981532986867961,103.71331573460245,101.22146229684193,41.288322795744484,41.286883736468745,19.175855453074497,18.808979411372512
1973-07-01,41.310234701704346,40.36219506290126,24.745062168735743,24.32225115350337,7.615742426881572,7.000672360612164,103.87619250706402,100.96060527334451,41.724767028186335,41.485023086177996,18.88832367654921,18.837492844069352
1973-10-01,41.49190517730041,40.42005467229815,24.561069370343834,24.37844823650582,7.893666825591899,7.017383461591733,103.8711159655162,100.69894713328087,42.07406862989408,41.68285988444709,18.916714973644726,18.86490488176666
1974-01-01,40.92492846542054,40.47639104561876,24.476538232130896,24.43485812662434,7.364933237332071,7.032724057967306,102.9134539471845,100.4388503003076,42.47694067507184,41.87994203281364,18.708391048844614,18.891767260780576
1974-04-01,40.81338036640965,40.53352347280621,24.551737442035787,24.492529327757094,7.399248389090818,7.048281024004517,102.66889976707915,100.18459490210006,42.73466644987153,42.07605482275714,18.64675247045877,18.918667409158324
1974-07-01,40.22569371496301,40.59406405012087,24.47733924111856,24.552546495787013,6.988143742971763,7.065859438357458,101.81049651797873,99.9419385305635,42.99495954648403,42.27135387742396,18.439590899834144,18.94608062463485
1974-10-01,39.86949261947247,40.66081588504306,23.90354134297633,24.616042473169678,7.011933759254053,7.087498761387034,99.64774718156026,99.71811206222867,43.14339359316613,42.46641035454624,18.51082940953997,18.97431329912695
1975-01-01,39.193616688587504,40.73637049416134,23.892566638427894,24.684115505294443,5.9248443296904805,7.115219277386479,96.09486710921807,99.52144130603648,43.29922219534087,42.66225882089148,18.60806543662697,19.00335188342272
1975-04-01,39.287737585773556,40.82284172596407,24.107074683802686,24.757423381700363,5.786204999842344,7.151037126218157,94.76816922996179,99.36015970224412,43.18382002991425,42.86037671836208,18.839660487406,19.03288864606813
1975-07-01,39.734332906573975,40.9213812796164,24.335588275433093,24.836128401388347,6.1627698893217815,7.196207777761906,95.08685231452294,99.24030544094995,42.996799516021696,43.06266784322653,19.041186870194476,19.06236354687441
1975-10-01,40.07136239723628,41.03217840893878,24.477785811034554,24.919983209867542,6.282755192276079,7.251089324409536,96.2327184457631,99.16500102183635,42.943503181050296,43.27127555291676,19.062034204225967,19.091091325297473
1976-01-01,40.7773700577854,41.15467725212978,24.861001065152603,25.008421545572922,6.82363370881727,7.315375391451332,97.34914630518556,99.1347671597773,42.92822269451007,43.48834419325671,19.255390898511788,19.118369375930175
1976-04-01,40.89265602226944,41.28771310485941,24.936075543365998,25.100590307534343,7.1152610406479555,7.388117158359252,96.96622201635748,99.14832468808268,43.06011041017304,43.71585574647619,19.338587628130952,19.143473129232785
1976-07-01,40.91879140993375,41.42987520195029,25.134101892748436,25.195532034036667,7.120865433992022,7.46802616400493,96.88571767208309,99.20332594202043,43.24561930460637,43.955481547998744,19.33228779925682,19.165760398778083
1976-10-01,41.03263134298531,41.57948894860218,25.29510460748117,25.292171463809865,7.162726240276832,7.553594721277276,96.97450503682252,99.29609090818202,43.442628510004916,44.208517685558036,19.343735914665633,19.184708720015042
1977-01-01,41.33760092707071,41.73453526592299,25.530580328866332,25.389378251810065,7.489749318549904,7.643025184843753,97.5713281716571,99.42150275455272,43.64557626420848,44.475844635924005,19.37830499291829,19.199898998599377
1977-04-01,41.94394009359808,41.892620039450726,25.6240669595577,25.486006462955928,7.950585014363695,7.734178881883443,98.95621428895322,99.57298186723995,43.90870460708601,44.757883314262735,19.442295941852024,19.211012020433373
1977-07-01,42.49247481090427,42.05106214225841,25.812827586911308,25.580981427592857,8.30672780032553,7.824714403110104,99.53185293277642,99.74276126225985,44.267916002778485,45.05454287994492,19.566562362084557,19.217841416705962
1977-10-01,42.30392169676248,42.20717209497513,25.895292491028258,25.67329956376536,8.254470943376333,7.912316998744966,100.06812615870659,99.92264582145016,44.72215912601692,45.36519457028448,19.342582356518072,19.22032707229985
1978-01-01,42.25822870155906,42.35849733611283,25.976448341186583,25.762089086734594,8.341278932434388,7.994872260842658,100.10217522989191,100.10425373617042,45.154000897115644,45.68869554353763,19.252554535246393,19.218627768001515
1978-04-01,43.70164908431619,42.50261272390142,26.453499325523186,25.846606952606134,8.820125994396998,8.070404527839358,102.5719993488965,100.2792342555542,45.59026343004682,46.02346404948866,19.531378529931825,19.212981170822957
1978-07-01,43.93942937479916,42.637000829310914,26.458784843022155,25.926237083972236,9.032939547647219,8.137102265418116,102.97079624692536,100.4391778953491,46.11850923762781,46.36753311197118,19.509357454269626,19.203648370887635
1978-10-01,44.32383971412545,42.759862652128554,26.508134505748238,26.00073609774117,9.22919363772075,8.193582323514722,103.73000332898275,100.5770478401307,46.67583772728164,46.71860122296207,19.504118159162246,19.19108932311304
1979-01-01,44.20433944842571,42.87019431902655,26.543160897457085,26.070192622299697,9.199298475442301,8.239003334652706,104.0096474237574,100.68734757962247,47.2702942965205,47.07413783832616,19.3317060637903,19.175953871256585
1979-04-01,44.06528787316525,42.96795787282826,26.488264019724003,26.135015388562973,9.17091319082392,8.273168767716225,103.90183181031676,100.76652090787704,47.84860770402265,47.431506821346105,19.201993254401295,19.159084799835856
1979-07-01,44.19014388008789,43.05395163500806,26.701742842467052,26.19591459578102,9.038606554665934,8.296499672482488,104.37386305942576,100.81307302287108,48.381796841203645,47.788115201890456,19.125425941908734,19.14141938221066
1979-10-01,44.07300510130444,43.129670933799915,26.778817591591636,26.253829682991398,8.864733789915782,8.31000250753462,104.07433596415707,100.82746812783635,48.83337182740954,48.14155582193389,19.048355319025816,19.12391840981779
1980-01-01,44.02370805006194,43.197333494087225,26.86232634716824,26.31002439092203,8.75098861643722,8.315173733266601,103.3818813118613,100.8123888667304,49.269731297312525,48.489726862539534,19.050383047069072,19.107529218556287
1980-04-01,42.94826283684592,43.259761740088294,26.17292763585579,26.36610026515557,7.9728168645193955,8.313877850719217,101.11859367607879,100.77253996038574,49.678967216912,48.83090586021819,18.79983700249717,19.09314877850071
1980-07-01,42.720576423229225,43.32031044956957,26.378351909874986,26.4240157818276,7.404111451188232,8.308261883165267,100.24304118037051,100.71422374314042,49.868114573076,49.16381918647907,18.781179380964712,19.081636113596105
1980-10-01,43.3670613460984,43.3821581404646,26.60910246775482,26.485625129858537,8.010471766124573,8.300259270292067,101.2382194750271,100.64395650426168,49.94282531559105,49.48769985479594,18.933439821509673,19.07366468009757
1981-01-01,44.06340533577577,43.44812309591667,26.596153261805966,26.55277210468924,8.735671098601735,8.291202575396882,101.47016782361082,100.56794788724866,50.16585829318314,49.80221339096753,19.178925215232276,19.069719380928145
1981-04-01,43.59346155290966,43.52103203832427,26.431830182518794,26.62739914667988,8.40629197548391,8.282235564804026,101.21457347699318,100.49276067389995,50.57029062774308,50.10731392236351,18.952172781014166,19.07019912102753
1981-07-01,43.96609997469932,43.604116349992054,26.403035872856496,26.711502657316856,8.795582394330761,8.274767263495411,100.81559268055351,100.42549896020154,50.87383502441891,50.40319388887033,19.123214959922883,19.075573828241783
1981-10-01,43.34023362791739,43.70068308320468,26.082822718584392,26.806988785335257,8.499371076065147,8.270278999028795,100.03742689087478,100.37369804575597,51.26350827609412,50.690351360955475,18.89564591916074,19.08624344192464
1982-01-01,42.541162925192964,43.81430515725642,26.16878223560076,26.915607324784677,7.643684635633388,8.270566798481692,98.0644971000801,100.34512616199088,51.58751486153453,50.96960061757604,18.747575555593457,19.10264276573367
1982-04-01,42.605366879495556,43.94838168760367,26.080598375054986,27.038689396467444,7.590532121030138,8.277574885320277,98.21616136005984,100.34734532003957,51.68243291018175,51.242141487910864,18.744954743219363,19.12509301485955
1982-07-01,42.319032065212994,44.10556465543859,26.219588597432107,27.177131650994305,7.454200560491926,8.292859203116164,97.2315407545399,100.38650002202408,51.76765163218432,51.50959336756811,18.73051182955476,19.153697800296857
1982-10-01,42.20743230181092,44.28771615086659,26.614754358519836,27.331254164023264,6.813131206850143,8.317558649124203,96.03323326542899,100.46743304439342,51.80955809833665,51.77389054081035,18.826973197947595,19.18832634029351
1983-01-01,42.650080000403335,44.49561559937291,26.824594604212376,27.500789520274214,6.944026881291715,8.352298291535204,96.36174732835643,100.59304340003494,51.71015148090332,52.037172082686325,18.99500115034157,19.22858398974469
1983-04-01,43.507881207654975,44.72875066362916,27.346308445618533,27.685024277716774,7.461730101775235,8.39670020238715,97.23187607717243,100.76345850337594,51.64917312865286,52.30164430774805,19.27210537834788,19.273848721629705
1983-07-01,44.25195589348655,44.985443746003924,27.827300116779366,27.882809365247656,7.824011526328372,8.449435322934777,98.89568690236186,100.9761532940402,51.70798732959179,52.56935162558634,19.37898655783084,19.323349000270994
1983-10-01,45.046188382914735,45.263226619812194,28.163420764009565,28.09276021053145,8.52912087744629,8.508537742234294,100.46262019159175,101.22637792093634,51.85281005434697,52.841965758441475,19.507151636617102,19.376307106705067
1984-01-01,45.735864435569205,45.55912512036991,28.29972836169567,28.313424720445948,9.255556493816997,8.57158866878779,101.96133348621998,101.50805791963732,52.1012681800838,53.12064473067618,19.583303304824188,19.431973562861938
1984-04-01,46.408341633742694,45.86996482694288,28.656541947885675,28.543355893920438,9.478128251120769,8.636115911707634,103.02733653377432,101.8146000070487,52.60649695102572,53.40594060512817,19.670807980607172,19.48967334411714
1984-07-01,46.73119273145249,46.19260508333825,28.759240435315828,28.78105411877271,9.597981143457032,8.699990718574812,103.19918903828605,102.13963483859222,53.14306496031033,53.69776749377823,19.71605460203129,19.54881875166505
1984-10-01,46.97184353116157,46.52415986208104,29.005869240271867,29.02504260439939,9.417362377960847,8.761530804404098,103.55666043028002,102.47748042381095,53.670956856997506,53.9955290283961,19.70480558087401,19.60892856832061
1985-01-01,47.3228228141327,46.862000456858844,29.48897999338,29.273780197893224,9.059947004082954,8.819549965272186,104.15508777629057,102.82304738696712,54.1806373192473,54.298263334238825,19.71251001458337,19.669620448520064
1985-04-01,47.62590387730494,47.203703503317065,29.738019762945285,29.525659542472667,9.171027676091656,8.873236037949859,104.6146601286221,103.17185458506967,54.57352589244075,54.60478099418636,19.732104672949887,19.730567458424336
1985-07-01,48.22630061948743,47.54706454494253,30.27792169746647,29.779152955796587,9.038441386963932,8.92191470119034,104.63516916781643,103.52019287019205,54.967643180391086,54.91379087814143,19.928059285107576,19.79146553513245
1985-10-01,48.44169587418534,47.89008074117769,30.29612999020965,30.032813951447093,9.369247698220747,8.965091544020474,104.84882927065836,103.86520443548731,55.29676078376783,55.223952407229405,19.948817482353988,19.85200782517495
1986-01-01,48.65340613231382,48.231119259986926,30.475448827921785,30.285461208451913,9.319235123716151,9.002346982408643,104.18312539851212,104.20469157954493,55.586624188933165,55.533928448784295,20.082343327176147,19.911969356833655
1986-04-01,48.73834203148752,48.56884988256014,30.575322817597204,30.536041447481182,9.170454448728433,9.03351609901952,103.61602124091172,104.53704500092933,55.975296132169014,55.842397922093745,20.139726085787114,19.97118326021409
1986-07-01,49.06485232814071,48.902174287023804,31.063871184432827,30.783589198233237,8.900373193285914,9.05864082501184,103.84262087841417,104.86062340746157,56.307647605357424,56.148044319867296,20.20397330315909,20.029587489168712
1986-10-01,49.18395658103105,49.23007503200993,31.181271338422878,31.027136128082358,8.892079599867646,9.07786189983388,104.31959927738022,105.17318641969683,56.55695554814754,56.449607528871006,20.161579536012383,20.087224961883237
1987-01-01,49.37527976205101,49.55161511964966,31.19587515717738,31.26586509565394,9.109302239820073,9.091233326254386,105.24964323351611,105.47182803349499,56.76277859107441,56.745903219296295,20.09800374636504,20.14424841194959
1987-04-01,49.764279927648886,49.86580973224738,31.61500425110446,31.499037244734055,9.055720586364705,9.098703482813663,105.54759633856652,105.75307674463184,57.05067011881033,57.03579300307348,20.18338835880403,20.20085910111635
1987-07-01,50.061380700753965,50.17154417247611,31.949531864937743,31.72585412893674,8.98282404380072,9.100243412965993,105.99924044673006,106.01329331641251,57.3268969421125,57.31812990659432,20.21341173689526,20.257231551176183
1987-10-01,50.795394935828114,50.467620191801295,31.959307984318635,31.945575594886044,9.599803573161019,9.095808805129545,106.83040685994689,106.24868631556883,57.587795034932064,57.59175866722868,20.373519107892445,20.31353130222163
1988-01-01,50.919643883553114,50.75275099806715,32.43739930536924,32.15759114794265,9.118986331701274,9.08529339527379,106.63838109988151,106.45543916535759,57.978349583984354,57.855513620829925,20.398937544474148,20.369898192854105
1988-04-01,51.470503663167555,51.025838237753575,32.64452894664069,32.36129260098388,9.267849478466365,9.068909159266184,107.89015621845519,106.63009215855374,58.26061433647035,58.108212556776245,20.429042110093516,20.426511269491197
1988-07-01,51.645340921699585,51.28587774119329,32.86614478766058,32.55624321901723,9.2091416741786,9.046899246716078,107.91604410479943,106.76930576961281,58.561427974465474,58.34873853051799,20.458330866596928,20.483569808581645
1988-10-01,52.21724648476732,51.53213826322405,33.21453293707748,32.742185203544075,9.310485382785133,9.019637811166511,108.88460431855273,106.87054189542799,58.849639105254404,58.576061863164654,20.529788067830797,20.541276904416083
1989-01-01,52.60044630159962,51.7641154173883,33.31086503728763,32.91906111272225,9.596559067503614,8.987604369240676,109.6684051392943,106.9320061931878,59.11967809023342,58.78928162436109,20.551297945881622,20.59982207630119
1989-04-01,52.88623561590893,51.98174030576345,33.48714439383241,33.087119591182926,9.432865304341213,8.951457893682134,109.85273915444553,106.95319164814144,59.48849210326349,58.98766776937112,20.59553515971385,20.659389808798068
1989-07-01,53.15743231460204,52.18548100030612,33.68816274969072,33.24687065493702,9.300414460567206,8.912218953774893,109.85322611465152,106.93532485293365,59.79803247024946,59.170700775115385,20.663519403691897,20.72013623509842
1989-10-01,53.14388755369899,52.376391991484304,33.785173084710024,33.39909431052622,9.208104959124087,8.871185457371062,109.61547376598169,106.88146213830846,60.06710443223435,59.33818194523846,20.654886122565657,20.782179201288873
1990-01-01,53.296257207213706,52.556161840761575,33.92283006323497,33.544869081374955,9.173612285526792,8.829869133790039,109.06013287362002,106.79648909296425,59.95661335072338,59.490316347804956,20.796002195016236,20.845602427555143
1990-04-01,53.37705033327222,52.72699153228228,33.883708792804185,33.685540328924134,9.0876688019214,8.789959056467348,108.35882733107336,106.68699031653736,60.195923210379405,59.627779616177634,20.885907047903366,20.910410491192415
1990-07-01,53.29005567246002,52.89157981337727,34.07928577857051,33.822717044227225,8.866310868512413,8.753323099529418,107.5569156980547,106.56094086995117,60.39322500628933,59.75155754594739,20.928804261038962,20.976576924834745
1990-10-01,52.66190515116275,53.05306946017199,33.92181748819286,33.95816143279289,8.30922540955353,8.721981774731548,106.80577122292935,106.42732345339506,60.504199872997376,59.86300969480832,20.76319135062844,21.04405962363013
1991-01-01,52.30404580868215,53.21489299702736,33.57033782446358,34.09382612896158,8.012804150811698,8.698003267235901,105.53532301621522,106.29569763492333,60.5072955829402,59.96391496209877,20.782750130065196,21.112785957928562
1991-04-01,52.60566002114052,53.38027836620987,33.71690919725911,34.23167241459279,7.955344977844706,8.68318477276262,104.66097764486591,106.17581193364022,60.44337474025584,60.05647086815205,21.023709959677365,21.182504542633687
1991-07-01,52.74208058300591,53.551916140086455,33.767418808144406,34.373361033496494,8.052266006320094,8.678891119054768,104.28560820986557,106.0768974668648,60.34174718577045,60.1432321006278,21.139961617852002,21.252751423192716
1991-10-01,52.78016695913215,53.73204180280894,33.70117467553425,34.52025383461738,8.246510367496263,8.686044150727861,103.8217718680591,106.00720825327402,60.24813414557585,60.227012324074295,21.228145525983294,21.322956187813855
1992-01-01,53.29430516354225,53.92240993715335,34.34300160313222,34.67335168598085,8.013842491235408,8.705204002846768,102.98166130144686,105.97386864258989,60.239684199911395,60.3107660702188,21.54948889027001,21.39246972582276
1992-04-01,53.751002084628425,54.12419937425485,34.52002326819991,34.83315226368735,8.415434191594361,8.736700327688474,103.15009294087798,105.98264703328638,60.171277964041145,60.39747773829396,21.71971479940495,21.460574783405757
1992-07-01,54.13624455356895,54.33821386307147,34.84770003063117,34.99995525585533,8.443325056824682,8.780464033383755,103.04800907963747,106.03746148051846,60.17897512389623,60.49010457539182,21.888487211361436,21.526643703477003
1992-10-01,54.534300058091546,54.56503988007772,35.159008562550376,35.17387001115687,8.63597043021006,8.836267334288802,103.39455397151009,106.14049775080632,60.17088935461445,60.5914810781729,22.002399795792392,21.590203748516576
1993-01-01,54.48700279658069,54.80515262044486,35.217100805394566,35.35491414892354,8.775533628188425,8.903704833779996,104.04675169418678,106.29211392480465,60.24299351086525,60.70426800479948,21.88447473807949,21.65100319700717
1993-04-01,54.677522818132715,55.059023048610236,35.48233630104009,35.54309857749894,8.788946485857352,8.982270867439984,104.98047868282046,106.49099127938506,60.360508701583704,60.830886315287565,21.818947769733757,21.709045360731825
1993-07-01,54.79445743748162,55.326936583805704,35.72647275212235,35.73834936854291,8.725045149281383,9.071394339116562,105.32995067232767,106.73443980946493,60.45801602223996,60.97349439861336,21.806104413579195,21.76448080405633
1993-10-01,55.38278431965307,55.60894964567534,35.94923112549298,35.940554497772965,9.105588870860785,9.170384932485645,106.03234220854252,107.01884551127715,60.52414401958386,61.133985033393735,21.93682982421148,21.81753169796836
1994-01-01,55.78733833955835,55.904788754152456,36.23079530077481,36.14959361691785,9.42123782882985,9.278318012260664,106.44367740654685,107.33971435521477,60.710757224885135,61.31395910425006,22.017793241274337,21.868449527622158
1994-04-01,56.41799115248546,56.21403764963,36.45883322190418,36.36535054201198,9.847730725234475,9.394198522629333,107.9287056980031,107.69191210218544,60.978594364954866,61.51466694136813,22.033096478934844,21.917563667811415
1994-07-01,56.59542724202478,56.536201940336035,36.691009077690914,36.58775887190027,9.663421729388565,9.517081272366067,108.90362184524906,108.06969775834251,61.31550136589388,61.73701182021464,21.931244365052947,21.965300526029353
1994-10-01,57.08480927233605,56.87090913877481,36.957927180989515,36.816810716113984,10.011974818543749,9.646259862424772,109.05874347951739,108.46741611601148,61.58812694638543,61.981590416234944,22.066137911467894,22.01216297793346
1995-01-01,57.205220914233436,57.217819148402306,36.977670701208304,37.052564160585014,10.095976160001763,9.781083888956783,109.423886009226,108.87986175976152,62.022932990722715,62.24876239959219,22.010429432592684,22.058637025908855
1995-04-01,57.256555870481165,57.57672179445109,37.26178223677027,37.295168765896754,9.848554454834504,9.92109641381186,109.0385941196382,109.30212630535982,62.42257394605913,62.53866487752584,22.03116777393854,22.105246702286994
1995-07-01,57.594857347925384,57.94739627643827,37.471370675408174,37.54473129716785,9.76951209943468,10.066011686132372,110.00758125478973,109.72956865810893,62.716281989658434,62.85131443332469,21.998088297273103,22.15249020014914
1995-10-01,57.82792278633788,58.329414978920205,37.61399706280033,37.801340908226564,9.933384293121648,10.215477831774743,109.98792815096152,110.15730895709204,62.96999299642568,63.18667347083681,22.058480546445207,22.200823417524145
1996-01-01,58.13756007965877,58.72211663478378,37.90845153187361,38.06504325718447,10.014264081222134,10.368925229136813,109.97064905563761,110.5805658882108,63.29430715396356,63.544636022178665,22.139015386537775,22.250609047627087
1996-04-01,58.9583439742554,59.12450401966306,38.31670688813126,38.33576671280763,10.410490884040533,10.525562318583084,110.71988945454375,110.99437865371841,63.60289488008862,63.92497315095792,22.314683940387315,22.302123555302156
1996-07-01,59.317879634659626,59.53518050679965,38.47703284872809,38.61333841303312,10.75524876372707,10.684313849607749,111.32869685499274,111.39333014120037,63.978674460391375,64.3273070368627,22.324806037430314,22.35557598629528
1996-10-01,59.75384526883998,59.952604685673556,38.723612562959886,38.89756846279161,10.707722948987033,10.843962510844062,112.25703023568255,111.77175913781498,64.4158657421028,64.75105961036851,22.314573750126204,22.411185633818135
1997-01-01,59.85997831300358,60.37505293398543,38.89022654554938,39.1881746139646,10.89738491228323,11.00326290623617,112.68604155902749,112.12389899233783,64.72055931590008,65.19542794848373,22.262053606844248,22.469155078318337
1997-04-01,60.72514256695167,60.800625679321165,39.001090948206816,39.48475519385645,11.335626070794124,11.160810217544126,112.98593175064352,112.44423403751658,65.22264010458157,65.65938383389692,22.483934498658595,22.529628704707285
1997-07-01,61.322504341341656,61.22704093908335,39.493965009861355,39.78670597451211,11.504847958139033,11.315056385012184,113.36028892574662,112.72756536401765,65.78749234309522,66.14157510056017,22.588070957345295,22.592622313641378
1997-10-01,61.674091288131514,61.651904515414245,39.847331275631205,40.093094558512064,11.570375053257994,11.464489496944774,113.58312269387625,112.9690174472297,66.36325489603858,66.64033709645952,22.619507239282406,22.658123758610216
1998-01-01,62.153112481622784,62.07281713366212,40.10601872127752,40.402772314592085,12.003215050051686,11.607654333131737,114.0382060396506,113.16411485112508,66.9715066042188,67.15373258979248,22.663535144500912,22.72611849660284
1998-04-01,62.57224260582199,62.48733077708727,40.68773486897039,40.714397646233934,11.829641057119373,11.743112030069302,114.33838258422804,113.30879086266074,67.65056777806815,67.67958929408822,22.69712901608822,22.796568085873613
1998-07-01,63.182185321548154,62.89298784145783,41.055487332749166,41.02639781588022,12.06428866464973,11.869632496014884,114.17639213009423,113.39956869891633,68.24082112970817,68.21555030136078,22.869864594634134,22.869394735355243
1998-10-01,64.00732564216199,63.28732830387152,41.516221902351255,41.33713489290426,12.375615590249874,11.986020184735168,115.2370991733604,113.43367624464484,68.85705948602448,68.75916382816771,22.9573497676666,22.94445745921362
1999-01-01,64.36478231421471,63.66802376178789,41.7307423128651,41.64494080415437,12.672761001649402,12.091192845327488,114.64404593958673,113.408904477358,69.47503091566982,69.30791379973519,23.09079074404057,23.021614126136967
1999-04-01,64.72898777566414,64.03315656076154,42.336153110581414,41.948213620460976,12.559164871891214,12.184315390674945,114.96536622475162,113.32425292012928,70.22118365610042,69.85926402127286,23.092738505050058,23.100729133486986
1999-07-01,65.3940204752823,64.38122006655274,42.76942166005592,42.24536330637345,12.784528417300177,12.264931835722038,115.36432598481643,113.17958417804907,70.8943993574964,70.41070254974588,23.199915797377365,23.181708746056753
1999-10-01,66.2704650124136,64.71113145221638,43.28953190429519,42.53500562853214,13.073781508613639,12.33285354268882,115.51002439595588,112.97587250014902,71.59924976952158,70.95986771463754,23.410371443640003,23.264453094814794
2000-01-01,65.59143705712238,65.0224410933656,43.40037943590863,42.81605637198862,12.79180633494719,12.388254140817741,114.43118035598505,112.71552683886532,71.56259053932928,71.50463239434757,23.316438947155042,23.348872509383167
2000-04-01,66.57913151444122,65.31568435240158,43.60708578905597,43.08788587144008,13.48631979502132,12.431806433172945,114.40593639342455,112.4025825297911,72.23604862777383,72.04321235572067,23.59346400222135,23.43496772884515
2000-07-01,66.4353390498691,65.59178393884858,43.91167900054734,43.350226407267606,13.263476494824399,12.464480407728006,113.99869534838804,112.04216935881307,73.05254056570645,72.57381264529774,23.50449422422311,23.522719185542748
2000-10-01,66.63151478305718,65.85248505185695,44.17482816435015,43.60314111827051,13.199103620253135,12.487923532869182,113.26991686416983,111.64065375688816,73.79757720390394,73.09471575663946,23.588455890338658,23.612206597684168
2001-01-01,66.24479502924542,66.10010383640234,44.25901225851564,43.84705790636052,12.472556767791223,12.504305143694394,112.91984512228379,111.20557034116989,74.53626932099343,73.60446752657951,23.41701021312432,23.703499529437686
2001-04-01,66.4615819026887,66.33749047248757,44.15879565564767,44.08278289019797,12.372006257779756,12.5162543517269,111.5115865882014,110.74538069303301,75.03584870111885,74.10202845032356,23.630757224080313,23.79665377885802
2001-07-01,65.98437440040996,66.56763491051775,44.02065326778695,44.31140687817046,12.10920564697245,12.526397664683488,109.77797547293933,110.26948798673484,75.47554555621583,74.58693069290469,23.652827349742722,23.891544576693303
2001-10-01,65.95425047005078,66.79365124704445,44.46656909322486,44.5340979548497,11.446157855814612,12.537281404755163,108.20819942331934,109.78762177533407,75.83362669207597,75.05929553732356,23.82489964371762,23.987940372386085
2002-01-01,66.33693545175119,67.01832949659602,44.40126990904033,44.751868603333335,11.766118294079936,12.551195387947166,107.01968511699474,109.30904220691964,76.0629313204404,75.51981987640666,24.110293118798705,24.085454746366235
2002-04-01,66.57756253883764,67.24396650747988,44.68864464654853,44.96571218301326,11.822151655226206,12.569725752367981,107.03192953175473,108.8418636216942,76.36903451357556,75.9697173831494,24.16196196446018,24.18359188066593
2002-07-01,66.64389803197545,67.47245929187496,44.88092820754083,45.17642164973008,11.72936221497016,12.593963641771643,106.3153743202543,108.39262906267246,76.6352487684577,76.41058343407994,24.262300913198988,24.281863453519033
2002-10-01,66.52005754430026,67.70530928402285,44.94007206716696,45.38463141382903,11.681784259018436,12.624531530025786,106.11762094546097,107.96664639950077,76.86572072592217,76.84431066427292,24.22107042944238,24.379759537288415
2003-01-01,66.39498065502193,67.94351421698344,44.962917629951804,45.59080197815672,11.647336036174964,12.661503752374488,104.81563246182914,107.5678483485539,76.76496596780098,77.27298274558356,24.381492060369627,24.476749709859494
2003-04-01,66.78142463164359,68.18733370567514,45.22705410820862,45.7951215035789,11.643372363885982,12.704348430992166,104.19484899964158,107.19896659198245,76.97657811475355,77.69874764559187,24.59456510935999,24.572195035800817
2003-07-01,67.6654337184335,68.43604555110609,45.75270698376576,45.99738368549878,11.959252643291558,12.751869080257446,103.99635174352906,106.86098345322497,77.15469912019876,78.12348121269574,24.930862828332447,24.665386976190227
2003-10-01,68.2161227773504,68.68802301045963,45.85578926147679,46.19701900284351,12.350227905146761,12.802158902870115,104.13905965933223,106.55299809531249,77.39761271674843,78.54864327532718,25.083755034485424,24.755621185825856
2004-01-01,68.57804447373826,68.9411274799543,46.29276978923978,46.39329441186739,12.38909133027931,12.852767763188526,104.54556370955213,106.27233755817126,77.96887812085798,78.9751101513427,25.0884044418831,24.842350597389792
2004-04-01,68.91816223935855,69.19289055663053,46.354518823706634,46.58524992670153,12.87353239605396,12.900917278149553,104.34677830613188,106.01485839329361,78.34217018789117,79.40304478709159,25.20187716453706,24.92522747220164
2004-07-01,69.35227200422973,69.44057870257922,46.68458105288687,46.77184818523142,13.065698427823838,12.94349127200753,104.67053635121563,105.77538937554561,78.79236019076673,79.83197385968683,25.258898247067346,25.004055684276256
2004-10-01,69.82936579080861,69.68124691211474,47.09441750072339,46.951892154495134,13.322827425796937,12.977321048593172,104.87819725913016,105.5477695258842,79.26431383574125,80.2607390881514,25.346882581798237,25.078812076402865
2005-01-01,70.40868674581135,69.91185623787501,47.160879042593,47.12411496986949,13.710101194630226,12.9992961133387,104.80195405432957,105.32520445677152,79.82636254210476,80.68749647347965,25.50609474246079,25.149635076245723
2005-04-01,70.55680732100576,70.12942537012256,47.507649452026946,47.287325545303034,13.52137663135817,13.006526679477775,105.11717629403536,105.10054034374525,80.46030180965242,81.1097302650846,25.43937782875422,25.21683457305035
2005-07-01,70.8745183175082,70.33125492605255,47.82307364621155,47.44034549637985,13.649370676383441,12.996593478997154,105.10123571493155,104.8663581723761,80.98552922210504,81.52432723008808,25.498314769241375,25.280948171024022
2005-10-01,71.02529530916266,70.51489329272101,47.73662066084156,47.58212687828901,14.100698679290826,12.967461221601173,105.3743695105122,104.61531743405416,81.51588486679324,81.92770269133761,25.451275932122307,25.342659683863108
2006-01-01,71.80158763058482,70.6782176754661,48.04748477709133,47.71185763960495,14.307033233383596,12.917588106941427,106.1441773725602,104.34030085242182,82.21513539354251,82.31586672061832,25.531565922565633,25.40279658460594
2006-04-01,71.77675918607969,70.81942270268624,48.157516275704786,47.828823730104425,14.139121165638805,12.846225057963519,106.16391034704937,104.0347511857632,82.90539717832027,82.68450441890423,25.445085557301475,25.462262839655182
2006-07-01,71.6538153655517,70.93740865211052,48.32187219520508,47.93252502229967,13.996946575470572,12.753563174166718,106.26509957495706,103.69332456846789,83.50680303975416,83.02917670588782,25.32163743862199,25.522051758161542
2006-10-01,72.04102761245075,71.03168770082908,48.374541538391135,48.02267426057348,13.728279057215214,12.640661282961355,106.37557950025447,103.3120927131143,84.05390600535124,83.34553300763851,25.383202502132853,25.58315524184591
2007-01-01,71.96228727031807,71.10224011903644,48.45595495747103,48.09923727112205,13.487160184424344,12.50938255772913,106.09286878094328,102.88880868208766,84.43740989732125,83.62948767217735,25.35892025063728,25.646448425572885
2007-04-01,72.20161640719624,71.14969773432277,48.52206252827499,48.162411460194235,13.531920623267043,12.362256778584205,106.329335968256,102.42318960730286,84.85852812903232,83.87738282061105,25.362264178844946,25.712689342696407
2007-07-01,72.38936581879004,71.17525206421023,48.701801243399345,48.21262958850677,13.350317943678268,12.2023608127733,105.59071600950844,101.91697223288466,85.24545557707975,84.08607053423269,25.503051765044567,25.782462865769034
2007-10-01,72.61725260752908,71.18077033120596,49.03873335574902,48.250561516769196,13.040753699411312,12.033366113813194,104.89422200730469,101.37429102381465,85.57484294180729,84.25303971351222,25.658968750803247,25.856139519990915
2008-01-01,72.34794145340183,71.16889072774234,49.216273818745016,48.27719370140826,12.611975017643699,11.859460067394696,104.62042929321814,100.80147790815643,86.13211373748732,84.37654380777701,25.5491648715498,25.93391879126082
2008-04-01,72.59023534230572,71.14315221512979,49.464843581660034,48.29401233856146,12.405899254901277,11.685206700126148,103.78554197052215,100.20690293671286,86.29257287565513,84.45571493695188,25.751800042030617,26.015879599810905
2008-07-01,71.99281503752457,71.10782853164459,49.0892457544151,48.30309396060895,12.071648184215292,11.515358178506132,102.28998049778562,99.60108318059147,86.36086664579686,84.49083928868077,25.774825686035218,26.101859571740366
2008-10-01,70.20292426486482,71.06808463312785,47.609963611720524,48.30724437839376,11.091187287554927,11.354818395738144,99.1496408846105,98.99646808981099,86.33895681605955,84.48340916298578,25.6509007340314,26.191528597498646
2009-01-01,69.37976267474554,71.02962488896652,47.187640791960504,48.30976006983201,9.686972959733627,11.208552997055751,96.60119237512286,98.40684836368384,86.30398265232554,84.43613745415283,25.786502470825162,26.28434606434397
2009-04-01,69.09517004066869,70.99759814388548,47.11089005313012,48.31349977882343,8.953974028817287,11.081130536294562,94.12195720417476,97.84578348235362,85.75174549177511,84.35293538826474,26.177162828972467,26.379420611606484
2009-07-01,69.15171505187224,70.97610258513109,47.5695608488511,48.320613489299035,8.812936151320107,10.975964780233907,92.83690778845506,97.32540864334476,85.00480046620484,84.23890031660633,26.514799954834988,26.47553191582828
2009-10-01,69.70835079658777,70.9680303823066,47.602205851969174,48.332491504349406,9.509549514901286,10.894982683650655,92.47168671371956,96.85528257514302,84.24486088409343,84.10000481470978,26.881156302311368,26.57131405926951
2010-01-01,69.97045726010097,70.97512387534162,47.873198445481975,48.35005328314989,9.658978946257616,10.838697765349346,92.64188451908853,96.44198847926573,83.82290135503604,83.94268356303851,26.99740453299833,26.665406043358587
2010-04-01,70.4953598611698,70.9983404077658,48.03855699923235,48.373761116321305,10.112024377314926,10.806846697103751,93.22478301430169,96.08929493755917,83.36370300758456,83.77342940300751,27.141398755325582,26.75662183212698
2010-07-01,70.86067796436805,71.03801617191725,48.20613901709219,48.40378057359292,10.466494868339888,10.798551882277414,93.36161733417086,95.79860650423407,83.00293283208016,83.5986163400064,27.297457743064605,26.843967818425924
2010-10-01,71.05140264178706,71.09418346869211,48.40713202689017,48.440069522973396,10.388619604401946,10.81264576236253,93.58632338269763,95.569612413576,82.74008711240909,83.42431246163675,27.358548664316388,26.926679598096495
2011-01-01,70.8417540794106,71.16677492194762,48.72250837266053,48.48246414105791,10.179770501943842,10.84788728937882,93.70353020210536,95.40058201426831,82.62880836740298,83.2561637069021,27.268481624776456,27.00426877269017
2011-04-01,71.18274420497853,71.25570734721579,48.8338618459598,48.53078170489923,10.511419560946997,10.902875008605152,94.5159726082363,95.28865942845549,82.3573656843177,83.09934355919742,27.277811637691805,27.07651386741966
2011-07-01,71.0019262880755,71.36070405391679,48.80134155888376,48.584990893898926,10.539972344717766,10.97585282578532,94.59177215917695,95.2300381116211,82.14715780544438,82.95859752317398,27.21868234022774,27.143359809526913
2011-10-01,71.63232238450935,71.48145161202575,48.874790916252856,48.645251607655126,11.322510275929584,11.064853209767154,95.18506868359482,95.22052949155463,81.94992076103523,82.83818184837924,27.37198832779254,27.204880580204268
2012-01-01,71.63534830111672,71.61741898558341,48.85698371918613,48.71186193872314,11.447127872930965,11.167628211613575,95.19255494243204,95.25562666136729,81.46683837705876,82.74183228579555,27.428444355844345,27.261201592692842
2012-04-01,71.79721565706198,71.76817505985366,48.75218736664905,48.78526744045957,11.68125366353774,11.28205370197881,95.14848474552183,95.33086101434988,81.53067126112416,82.67272864847867,27.491160105056107,27.312557179206337
2012-07-01,71.72473060566077,71.93330500402583,48.60626800638146,48.866009775581226,11.620959374060165,11.406122445947458,95.4099662019449,95.44176492795913,81.62988036500431,82.6332627029167,27.402792881685816,27.359291075031116
2012-10-01,71.63042033808927,72.11241640341807,48.707892244422275,48.95461639410331,11.508917563578297,11.538004721419124,95.72266217183369,95.58377883772619,81.70799396543934,82.62513334874647,27.29947839315113,27.40186366128963
2013-01-01,72.14172284608306,72.30498909147668,48.8695863940065,49.051458558294016,11.901082481640461,11.675928875260357,95.87665015932562,95.7523290917012,81.73771508309746,82.64944209199555,27.462136670922337,27.440767630765386
2013-04-01,72.17713738411223,72.51020010971838,48.82232910041228,49.15675894511652,11.99555642323148,11.818021051519267,96.06073947961697,95.94292085811222,81.90648052674624,82.70675211014144,27.421578436214265,27.476435915715008
2013-07-01,72.61490077713918,72.7271201895052,48.863086742658666,49.27063165102765,12.388227298288541,11.962457189506932,96.3270741661232,96.15111801563647,82.0723942833228,82.79709315519273,27.51879182666421,27.50931841925924
2013-10-01,73.06845232630278,72.95460381179193,49.09431669990045,49.39298505205922,12.47114152473885,12.107434515799454,96.35146929402595,96.37253038048524,82.32910732000664,82.92003051796812,27.655870629421546,27.53983380552397
2014-01-01,72.66279247801337,73.19142423427756,49.20594521568686,49.52347337661126,12.349081411578705,12.251329631601408,96.63141816492289,96.60284365667934,82.62543246057062,83.07470874444493,27.41601848423115,27.568409262680923
2014-04-01,73.44142026507086,73.43641310576061,49.51199585096096,49.6615624560384,12.824400055484018,12.39267293958216,97.1849143278723,96.83769179428013,82.87574335251962,83.25992998721772,27.57790354906771,27.59554677783522
2014-07-01,74.15167848190505,73.68805450499568,49.81055639093722,49.806514932372295,13.086108474854083,12.529994438716663,97.66684701072998,97.07268498492986,83.21342045843511,83.4742359661488,27.715753304248096,27.62165493074524
2014-10-01,74.34420127071483,73.94481601371386,50.1445981032363,49.957493038999516,13.165473194816066,12.662039099265412,98.5190162189792,97.30360849583894,83.60442616407703,83.71594101158405,27.585944165247824,27.64713296304222
2015-01-01,74.696272959648,74.20543524308331,50.11762237900704,50.11365313419629,13.572890817669808,12.787859221080648,98.37714565860692,97.52657988877293,83.85163995890811,83.98320141432058,27.713902567062387,27.67244048562295
2015-04-01,74.99044988617958,74.46888285061677,50.31204832984298,50.274259675842906,13.501328548641775,12.906800360493698,98.53451575647178,97.73844127884261,84.36000491424171,84.2741014976533,27.735419550796074,27.698000457891958
2015-07-01,75.09950095295126,74.73442277863059,50.53461688401411,50.43857095841667,13.482679047939943,13.018686982553278,98.29816784208958,97.93654260874709,84.80748620226254,84.58663413473043,27.767680276595144,27.7242633509224
2015-10-01,75.04583201956135,75.00163554214562,50.57303682406665,50.60585979445872,13.339532599211397,13.12372570658794,98.68054888866779,98.11871559714974,85.23380149338556,84.91883089743402,27.629368287031514,27.751704794692653
2016-01-01,75.23036791479163,75.27032481460522,50.85420709091037,50.77544993342129,13.1745678634492,13.22243674175967,98.73441264774034,98.28301003234574,85.5434496308114,85.26884262051088,27.652366549553218,27.78082958059315
2016-04-01,75.29285607067105,75.54031919120378,50.96240622307909,50.9466354573746,13.0629109732274,13.315506715420733,98.79712913073446,98.42782364584387,85.88332623062426,85.6349963507251,27.625547975490694,27.812068061022437
2016-07-01,75.62539787478003,75.81141957827704,51.22565171565986,51.11875041042063,13.055751743938165,13.403623299997628,98.78248464449118,98.55183853459945,86.15844393710083,86.01576965519662,27.71918788999195,27.84577225896096
2016-10-01,75.84214711366448,76.08326793058488,51.339092316159366,51.29112969523822,13.353070103850149,13.487340313008112,98.60647952206214,98.6539741934375,86.42136404750707,86.4097741056866,27.80121167704631,27.88217920384737
2017-01-01,76.29741509211681,76.35538377913825,51.83019910444749,51.46316639917104,13.30885866439758,13.567009735414254,99.07696187120607,98.73330435881195,87.0796176524979,86.81568911771167,27.807749537999875,27.921448350226687
2017-04-01,76.56657442341279,76.62712775600642,51.94888743495607,51.63427566694603,13.522065293611007,13.642912485940005,99.57025011276195,98.78888570432882,87.42751329338056,87.23217888926075,27.77711745563212,27.963690015807316
2017-07-01,76.99326925904204,76.8978149602158,52.09777164661322,51.80409510651467,13.68470612689094,13.71517609695957,99.43911869824154,98.82000422351977,87.79554508833156,87.6580496908412,27.91478006592771,28.00894461124694
2017-10-01,77.68343880392909,77.16671288032603,52.5385440384852,51.97245513425697,13.858064460212438,13.783858572034754,100.0,98.8264495193906,88.19241906930885,88.09220837884531,28.01796210963341,28.05713630029215
2018-01-01,78.0118349639734,77.43313915828423,52.74740629377812,52.13936849958038,13.990305948430525,13.84900390787678,100.12616226701851,98.80841522604452,88.47760348544037,88.53362715504298,28.081605927624672,28.10813040847213
2018-04-01,78.26773264576326,77.69672666139988,52.82759505000047,52.30520259916344,13.929088156560725,13.91070745057454,100.29074988290887,98.76684182675562,88.95120024303615,88.98132079404472,28.091122145298723,28.16176745319858
2018-07-01,78.56976830119496,77.95746675735083,52.89503403030972,52.47071000931303,14.312251402109213,13.969158439833505,100.56858963880583,98.70350279298113,89.36210016106827,89.43424848431795,28.103492936302136,28.21787075096086
2018-10-01,78.48705665657575,78.2157094122137,52.90236479299425,52.636979925949866,14.265794263147738,14.02456405650826,100.68023557307713,98.62112608044518,89.84565504232658,89.89132878570426,28.00073045434135,28.276218388893884
2019-01-01,79.00915393250261,78.47219362791598,52.96695897739597,52.80538122251495,14.414179118633182,14.077351015711315,100.72254865807466,98.52359548906576,90.63382833403321,90.35141211075968,28.093282025194878,28.336515145408693
2019-04-01,79.5185040441581,78.72783901652285,53.31073280472394,52.97746687723278,14.482924267824279,14.128105241315472,100.61787688837613,98.41605898255419,91.15641525048181,90.81329606788132,28.23662991153386,28.39828984749872
2019-07-01,80.24329101889475,78.98391410963767,53.69848664964228,53.154911916532164,14.57091069231011,14.177632121642267,100.89378144571668,98.30500278306313,91.64563810604182,91.2759314406316,28.390090922635252,28.46091405911633
2019-10-01,80.57603603724566,79.24219897489321,53.96152638397098,53.339623694478796,14.293247053902151,14.226969685406093,100.52163579993858,98.19824316240519,92.13493556186151,91.73846382083684,28.52316508977617,28.523652086450838
2020-01-01,79.59650436694052,79.50528306532836,53.072085713456744,53.53387823953707,13.962827925045222,14.27741482201843,99.05206352276336,98.1051567416801,92.8842610810576,92.20025464298176,28.36690782518849,28.58571723004267
2020-04-01,73.19725866067128,79.7766228034324,48.40675328128238,53.74037733810605,11.962139243221428,14.330324595307474,85.32474682971811,98.03652132025206,93.23829284038469,92.66090269831493,28.70430871141952,28.64631568243911
2020-07-01,78.72231206483437,80.05978043894567,52.57032727880993,53.96157792033906,14.150567277038478,14.38687655444012,92.33264593154732,98.00368684257614,93.04947370178029,93.12042958590797,29.347835524233588,28.70450927482679
2020-10-01,79.37822432897934,80.35404908067729,53.07625596039425,54.19644518317634,14.561063453666234,14.44663760223397,94.19226884781749,98.00951286179617,93.40858639218193,93.57922136933678,29.17192731239464,28.75938914272394
2021-01-01,80.44727183057633,80.65786529033889,54.16863808093092,54.443045531590506,14.348920695516165,14.5090189672779,95.38313280695071,98.053250177684,94.1022602916216,94.03762757064875,29.2485144924536,28.81043967401442
2021-04-01,81.57781429308888,80.9690258189894,55.86537507997267,54.698701791940714,14.055889019740055,14.573494624794458,96.76701605193071,98.13175628446163,94.55818861987038,94.49589728683432,29.33348267310355,28.85740002206535
2021-07-01,82.1168477851309,81.28516164587873,56.12000758004367,54.960515891121645,14.565282598768169,14.639428232961984,98.01058071383146,98.24022260330625,94.88768916248945,94.95432565641057,29.24761319106881,28.90028203527067
2021-10-01,83.38012128640212,81.60424900609104,56.53975149345221,55.2262636229441,15.53674498167961,14.705839729849155,99.27558832839168,98.37298854859232,95.32960623955188,95.41325317070587,29.403174979805826,28.939395451415354
2022-01-01,82.55603029197349,81.92475343292651,56.17383915578614,55.4944018034476,15.722660265683606,14.77168432773929,99.71063474344989,98.52423953631073,95.67490383301177,95.87298507993272,28.993227803855234,28.975269692019268
2022-04-01,82.32444197323318,82.24622282027035,56.125677339679335,55.764176203092454,15.273073710448077,14.836408243456628,100.20518715662863,98.68870101227473,96.39530102166792,96.33377986863621,28.74350013857193,29.008726347748073
2022-07-01,82.71209517525496,82.5685940187743,56.269153176745284,56.035243886601265,15.033226728750044,14.900029397725032,100.61804597237771,98.86180932144568,96.93350722951912,96.79577595941694,28.74569856842171,29.040602868785133
2022-10-01,83.07639570786975,82.89185210950797,56.36398797569695,56.30748251588721,15.087918115124635,14.962837819746795,100.74308535874623,99.03991561937946,97.38706054637562,97.25915327885757,28.801913122245264,29.07157390386593
2023-01-01,83.09293478665836,83.21607223292932,56.61574905576297,56.5809145953631,14.64491538517949,15.025212424005097,100.84392907031376,99.22043771212036,97.50536420743634,97.72418205654802,28.77668865432992,29.10213149142168
2023-04-01,83.35972636553723,83.54144679989206,56.73438652892424,56.855598636827146,14.724291085852308,15.08761718578288,100.27804619941705,99.40183407771791,97.8462707373313,98.19121832143271,28.939499277084593,29.132600108508953
